name,current_type,frequency,obj,operator,osm_name,ref,typ,v_mag_pu_max,v_nom,voltage,wkt_srid_4326,x,y
1,AC,50,Bus 1,TenneT;EON_Netz,Hannover/West,,substation,,220.0,220000;110000,SRID=4326;POINT(9.52257596986262 52.3604090557601),9.52257596986,52.3604090558
2,AC,50,Bus 2,TenneT,Umspannwerk Kraftwerk Robert Frank,,substation,,380.0,220000,SRID=4326;POINT(9.11321007472722 52.5438533223737),9.11321007473,52.5438533224
3,AC,50,Bus 3,TenneT,UW Grohnde 380 kV / 110 kV,,substation,,380.0,380000;110000,SRID=4326;POINT(9.38974509624863 52.0263130660355),9.38974509625,52.026313066
4,AC,50,Bus 4,TenneT TSO GmbH,Landesbergen,,substation,,380.0,380000;220000,SRID=4326;POINT(9.12526570294975 52.5382640870749),9.12526570295,52.5382640871
5,AC,50,Bus 5,TenneT,Wahle,,substation,,380.0,380000;220000,SRID=4326;POINT(10.3662749375017 52.2846467462009),10.3662749375,52.2846467462
6,AC,50,Bus 6,TenneT_TSO,TenneT TSO GmbH - Betriebszentrum Lehrte,,substation,,220.0,220000;110000,SRID=4326;POINT(9.91814864613865 52.3799963125719),9.91814864614,52.3799963126
7,AC,50,Bus 7,TenneT,Algermissen,,substation,,380.0,380000;110000,SRID=4326;POINT(9.91717971972185 52.2781686139394),9.91717971972,52.2781686139
8,AC,,Bus 8,50Hertz,Krümmel,,substation,,380.0,380000;110000,SRID=4326;POINT(10.4149923381504 53.4126068830249),10.4149923382,53.412606883
9,AC,50,Bus 9,EON_Netz,Lüneburg,LUEN,substation,,380.0,380000;110000,SRID=4326;POINT(10.3787705903765 53.2197927685849),10.3787705904,53.2197927686
10,AC,,Bus 10,50Hertz Transmission GmbH;E.ON edis AG,Wustermark,Wu,substation,,380.0,380000;220000;110000,SRID=4326;POINT(12.9416466019288 52.5621144045848),12.9416466019,52.5621144046
11,AC,50,Bus 11,50Hertz Transmission,Hennigsdorf,,substation,,220.0,220000,SRID=4326;POINT(13.2061029867985 52.6571362773373),13.2061029868,52.6571362773
12,AC,50,Bus 12,50Hertz Transmission GmbH,Neuenhagen,NHG TCC,substation,,380.0,380000;220000;110000,SRID=4326;POINT(13.7096697058228 52.5397952580643),13.7096697058,52.5397952581
13,AC,,Bus 13,TenneT TSO GmbH;E.ON Netz GmbH,Umspannwerk Oberbachern,OBA,substation,,380.0,380000;220000;110000,SRID=4326;POINT(11.3704262486892 48.2914922329548),11.3704262487,48.291492233
14,AC,,Bus 14,"TenneT TSO GmbH, E.ON Netz GmbH",Umspannwerk Neufinsing,NFI,substation,,220.0,220000;110000,SRID=4326;POINT(11.8132328973194 48.2212664654998),11.8132328973,48.2212664655
15,AC,50,Bus 15,TenneT TSO GmbH,Umspannwerk Ottenhofen,OH,substation,,380.0,380000;220000,SRID=4326;POINT(11.8681562938884 48.2068029185353),11.8681562939,48.2068029185
16,AC,50,Bus 16,EON_Netz,Umspannwerk Hattorf,,substation,,380.0,380000,SRID=4326;POINT(10.7610403785613 52.3677293804096),10.7610403786,52.3677293804
17,AC,50,Bus 17,50Hertz;Stromnetz Berlin,Umspannwerk Malchow,MOW,substation,,380.0,380000;110000,SRID=4326;POINT(13.4947633747219 52.5897644435618),13.4947633747,52.5897644436
18,AC,,Bus 18,50Hertz,Umspannwerk Lubmin,,substation,,380.0,380000;220000,SRID=4326;POINT(13.6834769666546 54.1390906406635),13.6834769667,54.1390906407
19,AC,,Bus 19,"TenneT TSO GmbH, E.ON Netz GmbH",Umspannwerk Oberbrunn,OBR,substation,,220.0,220000;110000,SRID=4326;POINT(11.2939727001158 48.0520427719624),11.2939727001,48.052042772
20,AC,50,Bus 20,50Hertz Transmission,Umspannwerk Hamburg-Nord,,substation,,380.0,380000;220000;110000,SRID=4326;POINT(9.98460982000897 53.7411287759659),9.98460982001,53.741128776
21,AC,50,Bus 21,50Hertz Transmission;Stromnetz Hamburg GmbH,Umspannwerk Hamburg/Ost,,substation,,380.0,380000;110000,SRID=4326;POINT(10.1575015165126 53.5551316685834),10.1575015165,53.5551316686
22,AC,50,Bus 22,50Hertz Transmission,Umspannwerk Kernkraftwerk Brunsbüttel,,substation,,380.0,380000;220000;110000,SRID=4326;POINT(9.20210420095253 53.8951574100045),9.20210420095,53.89515741
23,AC,50,Bus 23,TenneT;Schleswig-Holstein Netz AG,Hamburg Nord,,substation,,220.0,220000;110000,SRID=4326;POINT(9.98853660865951 53.766277668594),9.98853660866,53.7662776686
24,AC,50,Bus 24,TenneT;Schleswig-Holstein Netz AG,Audorf,,substation,,380.0,220000;110000,SRID=4326;POINT(9.72699196993402 54.2914209867842),9.72699196993,54.2914209868
25,AC,50,Bus 25,TenneT,Umspannwerk Wilster,,substation,,380.0,380000,SRID=4326;POINT(9.34476098807139 53.9218370583068),9.34476098807,53.9218370583
26,AC,,Bus 26,,Brokdorf,,substation,,380.0,380000;220000,SRID=4326;POINT(9.34400177215961 53.8517774635399),9.34400177216,53.8517774635
27,AC,50,Bus 27,,Stade,,substation,,220.0,220000;110000,SRID=4326;POINT(9.52960512906833 53.6189906941937),9.52960512907,53.6189906942
28,AC,50,Bus 28,TenneT,Kummerfeld,,substation,,220.0,220000;110000,SRID=4326;POINT(9.77654483874895 53.6906352606291),9.77654483875,53.6906352606
29,AC,50,Bus 29,TenneT,Stadorf,,substation,,380.0,380000,SRID=4326;POINT(10.3821666628198 52.9932540372914),10.3821666628,52.9932540373
30,AC,50,Bus 30,,Dollern,,substation,,380.0,380000;220000;110000,SRID=4326;POINT(9.5017896678173 53.5428143723363),9.50178966782,53.5428143723
31,AC,50,Bus 31,EON_Netz,Mecklar,,substation,,380.0,380000;110000,SRID=4326;POINT(9.74615081640288 50.9168399490798),9.7461508164,50.9168399491
32,AC,50,Bus 32,50Hertz Transmission GmbH,Umspannwerk Vieselbach,,substation,,380.0,380000;220000;110000,SRID=4326;POINT(11.1228545605428 50.9989090670144),11.1228545605,50.998909067
33,AC,50,Bus 33,50Hertz,Eisenach,,substation,,380.0,380000;110000,SRID=4326;POINT(10.3859411643633 51.0018133014781),10.3859411644,51.0018133015
34,AC,50,Bus 34,TenneT,Umspannwerk Maade,MAAD,substation,,220.0,380000;220000,SRID=4326;POINT(8.12264230304551 53.5605160490331),8.12264230305,53.560516049
35,AC,50,Bus 35,TenneT;EON_Netz,Voslapp,VOSL,substation,,220.0,220000;110000,SRID=4326;POINT(8.08565059715704 53.605834192587),8.08565059716,53.6058341926
36,AC,50,Bus 36,TenneT,Inhausen,INHA,substation,,220.0,220000;155000,SRID=4326;POINT(8.06005695814032 53.6202025750861),8.06005695814,53.6202025751
37,AC,,Bus 37,50Hertz Transmission GmbH,Umspannwerk Wolmirstedt,,substation,,380.0,380000;220000,SRID=4326;POINT(11.6389127631156 52.2687346818467),11.6389127631,52.2687346818
38,AC,50,Bus 38,Vattenfall_Europe_Transmission,Umspannwerk Teufelsbruch,,substation,,380.0,380000;110000,SRID=4326;POINT(13.2115276454389 52.5806278102291),13.2115276454,52.5806278102
39,AC,50,Bus 39,50Hertz Transmission GmbH,Stendal/West,StW,substation,,380.0,380000;110000,SRID=4326;POINT(11.7273534150745 52.5689469938591),11.7273534151,52.5689469939
40,AC,50,Bus 40,50Hertz Transmission GmbH,Siedenbrünzow,,substation,,380.0,380000;110000,SRID=4326;POINT(13.1433929102518 53.9081469774219),13.1433929103,53.9081469774
41,AC,,Bus 41,50Hertz;EON_Avacon,Umspannwerk Perleberg,,substation,,380.0,380000;110000,SRID=4326;POINT(11.8531057080136 53.0865444750041),11.853105708,53.086544475
42,AC,50,Bus 42,50Hertz,Güstrow,,substation,,380.0,380000;220000,SRID=4326;POINT(12.1869848227216 53.8157751724384),12.1869848227,53.8157751724
43,AC,,Bus 43,50Hertz Transmission GmbH,Brandenburg-West,,substation,,220.0,220000;110000,SRID=4326;POINT(12.4993659669539 52.4052284251973),12.499365967,52.4052284252
44,AC,50,Bus 44,50Hertz;Vattenfall Europe AG,Umspannwerk Wuhlheide,,substation,,220.0,220000;110000,SRID=4326;POINT(13.5061534469385 52.473822309174),13.5061534469,52.4738223092
45,AC,50,Bus 45,50Hertz Transmission GmbH,Thyrow,,substation,,220.0,380000;220000;110000,SRID=4326;POINT(13.3057532949594 52.2307818451873),13.305753295,52.2307818452
46,AC,50,Bus 46,50Hertz,Umspannwerk Marzahn,MZA9,substation,,380.0,380000;220000;110000,SRID=4326;POINT(13.5241987309997 52.5356342713481),13.524198731,52.5356342713
47,AC,50,Bus 47,Vattenfall Europe AG;50Hertz,Umspannwerk Friedrichshain,,substation,,380.0,380000;110000,SRID=4326;POINT(13.4564306927748 52.5214517451981),13.4564306928,52.5214517452
48,AC,50,Bus 48,Stromnetz Berlin,Umspannwerk Biesdorf Nord,BIN,substation,,380.0,110000,SRID=4326;POINT(13.5370442127043 52.5374565238016),13.5370442127,52.5374565238
49,AC,,Bus 49,TenneT TSO GmbH,Umspannwerk Helmstedt,,substation,,380.0,380000;110000,SRID=4326;POINT(10.99933301239 52.2001419745622),10.9993330124,52.2001419746
50,AC,,Bus 50,E.ON Kraftwerke GmbH,Kraftwerk Buschhaus,,plant,,380.0,,SRID=4326;POINT(10.9772332275028 52.1694333176707),10.9772332275,52.1694333177
51,AC,50,Bus 51,TenneT,Umspannwerk Borken,,substation,,380.0,380000;110000,SRID=4326;POINT(9.25938382024592 51.0603668474477),9.25938382025,51.0603668474
52,AC,50,Bus 52,EnBW,Karlsruhe-Daxlanden,,substation,,380.0,380000;220000;110000,SRID=4326;POINT(8.3133401659254 49.0090434643525),8.31334016593,49.0090434644
53,AC,50,Bus 53,EnBW,380-kV-Umspannwerk Eichstetten,,substation,,380.0,380000;220000;110000,SRID=4326;POINT(7.75349546540486 48.0993557006259),7.7534954654,48.0993557006
54,AC,,Bus 54,EnBW Kernkraft GmbH,Kernkraftwerk Philippsburg,,plant,,380.0,,SRID=4326;POINT(8.43846751211921 49.2524597288652),8.43846751212,49.2524597289
55,AC,50,Bus 55,EnBW,Umspannwerk Altlußheim,,substation,,220.0,220000;110000,SRID=4326;POINT(8.51211132935593 49.293965649573),8.51211132936,49.2939656496
56,AC,50,Bus 56,EnBW,Umspannwerk Neurott,,substation,,380.0,380000;220000,SRID=4326;POINT(8.62320967451897 49.3565822492832),8.62320967452,49.3565822493
57,AC,50,Bus 57,,Umspannwerk Oberwald,,substation,,220.0,220000;110000,SRID=4326;POINT(8.44554248929306 48.9860881753906),8.44554248929,48.9860881754
58,AC,50,Bus 58,EnBW,220 kV-Umspannwerk Birkenfeld,,substation,,220.0,220000;110000,SRID=4326;POINT(8.64158406338239 48.8900524832355),8.64158406338,48.8900524832
59,AC,50,Bus 59,TenneT;EON_Netz;EWE,Ganderkesee,GANK,substation,,380.0,380000;110000,SRID=4326;POINT(8.56374399744213 53.0317215835514),8.56374399744,53.0317215836
60,AC,50,Bus 60,EON_Netz,Unterweser,UWES,substation,,380.0,380000;220000;110000,SRID=4326;POINT(8.47470704898602 53.4286511943138),8.47470704899,53.4286511943
61,AC,50,Bus 61,Avacon AG,Umspannwerk Farge,FARG,substation,,380.0,110000,SRID=4326;POINT(8.51888180951659 53.2026352836834),8.51888180952,53.2026352837
62,AC,50,Bus 62,swb Netze GmbH & Co. KG,Umspannwerk Blockland,,substation,,220.0,220000;110000,SRID=4326;POINT(8.82002487241632 53.1073882918815),8.82002487242,53.1073882919
63,AC,50,Bus 63,EnBW,Bühl,,substation,,220.0,220000;110000,SRID=4326;POINT(8.12076909802284 48.7048354259965),8.12076909802,48.704835426
64,AC,,Bus 64,Stadtwerke München,Hauptumspannwerk Menzing,MZ,substation,,380.0,380000;110000,SRID=4326;POINT(11.4407746483177 48.1718035473026),11.4407746483,48.1718035473
65,AC,,Bus 65,ČEPS,Hradec,,substation,,380.0,400000;220000,SRID=4326;POINT(13.3264049984725 50.3463721850552),13.3264049985,50.3463721851
66,AC,50,Bus 66,Tennet;EON_Netz,Umspannwerk Etzenricht,ETZ,substation,,380.0,380000;220000;110000,SRID=4326;POINT(12.1147644054101 49.6311550521523),12.1147644054,49.6311550522
67,AC,50,Bus 67,Wesernetz,Niedervieland,NVLD,substation,,380.0,380000;110000,SRID=4326;POINT(8.69516075602312 53.0925360847799),8.69516075602,53.0925360848
68,AC,,Bus 68,RWE,Umspannwerk Urberach,,substation,,380.0,380000;220000;110000,SRID=4326;POINT(8.77244296019056 49.974668665137),8.77244296019,49.9746686651
69,AC,50,Bus 69,RWE,Station Bürstadt,,substation,,380.0,380000;220000,SRID=4326;POINT(8.41937105938048 49.6337356823792),8.41937105938,49.6337356824
70,AC,,Bus 70,RWE; Kraftwerke Mainz-Wiesbaden,Umspannstation Bischofsheim,,substation,,380.0,380000;110000,SRID=4326;POINT(8.38855636787547 49.9823050841271),8.38855636788,49.9823050841
71,AC,50,Bus 71,50Hertz,Umspannwerk Marke,,substation,,380.0,380000;110000,SRID=4326;POINT(12.2621734868101 51.7410202755519),12.2621734868,51.7410202756
72,AC,50,Bus 72,50Hertz;enviaM,Umspannwerk Lauchstädt,,substation,,380.0,380000;110000,SRID=4326;POINT(11.8942661378135 51.4057031412478),11.8942661378,51.4057031412
73,AC,50,Bus 73,50Hertz,Umspannwerk Schönewalde,,substation,,380.0,380000,SRID=4326;POINT(13.1570904871893 51.8284516615019),13.1570904872,51.8284516615
74,AC,50,Bus 74,50Hertz,Umspannwerk Ragow,RAG,substation,,380.0,380000;110000,SRID=4326;POINT(13.9024346886892 51.8747235190459),13.9024346887,51.874723519
75,AC,50,Bus 75,50Hertz,Umspannwerk Klostermansfeld,,substation,,380.0,380000;110000,SRID=4326;POINT(11.5165549672107 51.5843592098734),11.5165549672,51.5843592099
76,AC,,Bus 76,TenneT,Umspannwerk Elsen,,substation,,380.0,380000;110000,SRID=4326;POINT(8.70221844882815 51.7363525828065),8.70221844883,51.7363525828
77,AC,50,Bus 77,Eon_Netz,Umspannwerk Twistetal,,substation,,380.0,380000;110000,SRID=4326;POINT(8.99279240395088 51.343009397907),8.99279240395,51.3430093979
78,AC,50,Bus 78,50Hertz Transmission GmbH,Umspannwerk Remptendorf,RDF;RE,substation,,380.0,380000;220000;110000,SRID=4326;POINT(11.6463786274424 50.534876971042),11.6463786274,50.534876971
79,AC,50,Bus 79,50Hertz_Transmission;enviaM,Graustein,GRS,substation,,380.0,380000;110000,SRID=4326;POINT(14.4719654742998 51.5538127185923),14.4719654743,51.5538127186
80,AC,50,Bus 80,50Hertz,Umspannwerk Bärwalde,,substation,,380.0,380000,SRID=4326;POINT(14.5081091811329 51.4137103812427),14.5081091811,51.4137103812
81,AC,50,Bus 81,50Hertz,Umspannwerk Preilack,PRL,substation,,380.0,380000;110000,SRID=4326;POINT(14.4281804852225 51.8888641394403),14.4281804852,51.8888641394
82,AC,,Bus 82,EON_Netz,EON Kraftwerk Wilhelmshaven,,plant,,220.0,,SRID=4326;POINT(8.14191382633093 53.5640011680095),8.14191382633,53.564001168
83,AC,50,Bus 83,EON_Netz;TenneT,Kiel-Süd,,substation,,220.0,220000;110000,SRID=4326;POINT(10.1562824575947 54.2755482549913),10.1562824576,54.275548255
84,AC,,Bus 84,E.ON Kraftwerke GmbH;Stadtwerke Kiel AG,Gemeinschaftskraftwerk Kiel,,generator,,220.0,,SRID=4326;POINT(10.1773541034729 54.3395212638642),10.1773541035,54.3395212639
85,AC,,Bus 85,RWE,Station Gronau,,substation,,380.0,380000;220000;110000,SRID=4326;POINT(7.03496796515083 52.2028607381056),7.03496796515,52.2028607381
86,AC,50,Bus 86,Amprion,Hanekenfähr,,substation,,380.0,380000;220000;110000,SRID=4326;POINT(7.30820430094578 52.4768353862806),7.30820430095,52.4768353863
87,AC,50,Bus 87,RWE,Station Kusenhorst,,substation,,380.0,380000;220000;110000,SRID=4326;POINT(7.06030699176008 51.6964760130648),7.06030699176,51.6964760131
88,AC,,Bus 88,RWE,Station Gellep,,substation,,220.0,220000;110000,SRID=4326;POINT(6.6746753206169 51.3249574728255),6.67467532062,51.3249574728
89,AC,50,Bus 89,RWE,Station Mündelheim,,substation,,220.0,220000;110000,SRID=4326;POINT(6.72376714521247 51.3556543809247),6.72376714521,51.3556543809
90,AC,50,Bus 90,RWE,Station Roxel,,substation,,380.0,380000;110000,SRID=4326;POINT(7.54571772261949 51.9703244223875),7.54571772262,51.9703244224
91,AC,,Bus 91,RWE AG,Erdgaskraftwerk Emsland,,plant,,380.0,,SRID=4326;POINT(7.30561448538174 52.4801491895706),7.30561448538,52.4801491896
92,AC,,Bus 92,,,,substation,,380.0,380000,SRID=4326;POINT(7.30433875539085 52.4824259958004),7.30433875539,52.4824259958
93,AC,50,Bus 93,TenneT,Meppen,MEPP,substation,,380.0,380000;110000,SRID=4326;POINT(7.27715391322869 52.7532425946802),7.27715391323,52.7532425947
94,AC,50,Bus 94,Amprion,Wehrendorf,,substation,,380.0,380000;220000;110000,SRID=4326;POINT(8.30775689679575 52.3456356447783),8.3077568968,52.3456356448
95,AC,50,Bus 95,Amprion,Station Westerkappeln,,substation,,380.0,380000;220000;110000,SRID=4326;POINT(7.88957671235007 52.2773967624078),7.88957671235,52.2773967624
96,AC,50,Bus 96,,Benteler Stahlwerk,,substation,,380.0,220000,SRID=4326;POINT(7.31784994377907 52.4691114902799),7.31784994378,52.4691114903
97,AC,50,Bus 97,ČEPS,Rozvodna Přeštice,,substation,,380.0,400000;220000;110000,SRID=4326;POINT(13.3352803846608 49.5896898612644),13.3352803847,49.5896898613
98,AC,50,Bus 98,50Hertz Transmission,Bentwisch HGÜ,,substation,,380.0,380000,SRID=4326;POINT(12.2147735096776 54.1003234403618),12.2147735097,54.1003234404
99,AC,50,Bus 99,Amprion,Umspannwerk Uchtelfangen,,substation,,380.0,380000;220000;110000,SRID=4326;POINT(6.99647659179489 49.3754093063084),6.99647659179,49.3754093063
100,AC,50,Bus 100,Amprion; Westnetz,Station Niederstedem,,substation,,380.0,380000;220000;110000,SRID=4326;POINT(6.47473977006816 49.9224692993999),6.47473977007,49.9224692994
101,AC,,Bus 101,50Hertz,Wessin,,substation,,380.0,380000,SRID=4326;POINT(11.6993926965362 53.5722744892702),11.6993926965,53.5722744893
102,AC,50,Bus 102,50Hertz;EON_edis,Görries,,substation,,380.0,380000;110000,SRID=4326;POINT(11.3706373688866 53.6009910848999),11.3706373689,53.6009910849
103,AC,,Bus 103,RWE,Station Rosenblumendelle,,substation,,380.0,380000;110000,SRID=4326;POINT(6.94821343461115 51.4445789430072),6.94821343461,51.444578943
104,AC,50,Bus 104,RWE,Station Büscherhof,,substation,,380.0,380000;220000,SRID=4326;POINT(6.92675896360373 51.4992056838496),6.9267589636,51.4992056838
105,AC,,Bus 105,RWE,Station Niederrhein,,substation,,380.0,380000;220000;110000,SRID=4326;POINT(6.68078798893986 51.6462959356851),6.68078798894,51.6462959357
106,AC,50,Bus 106,Amprion,Station Hattingen,,substation,,380.0,380000;220000;110000,SRID=4326;POINT(7.16721460965932 51.3899067582106),7.16721460966,51.3899067582
107,AC,50,Bus 107,RWE,Station Eiberg,,substation,,380.0,380000;220000,SRID=4326;POINT(7.1255729106725 51.4489772588145),7.12557291067,51.4489772588
108,AC,50,Bus 108,,Station Karnap,,substation,,380.0,380000;110000,SRID=4326;POINT(6.99606888010598 51.5141695891404),6.99606888011,51.5141695891
109,AC,50,Bus 109,RWE,Witten,,substation,,380.0,380000,SRID=4326;POINT(7.31318284290137 51.4466113896128),7.3131828429,51.4466113896
110,AC,50,Bus 110,RWE,Station Uentrop,,substation,,380.0,380000,SRID=4326;POINT(7.99288723332679 51.6837077155955),7.99288723333,51.6837077156
111,AC,50,Bus 111,Amprion,Station Nehden,,substation,,380.0,380000;110000,SRID=4326;POINT(8.62480052815036 51.4278883849265),8.62480052815,51.4278883849
112,AC,50,Bus 112,RWE,Station Mengede,,substation,,380.0,380000,SRID=4326;POINT(7.35311186939787 51.5758105020818),7.3531118694,51.5758105021
113,AC,50,Bus 113,RWE,Station Hüllen,,substation,,380.0,380000;110000,SRID=4326;POINT(7.12323882950453 51.5256121803004),7.1232388295,51.5256121803
114,AC,50,Bus 114,Amprion,Station Arpe,,substation,,380.0,380000;110000,SRID=4326;POINT(8.21170597594605 51.1779854801194),8.21170597595,51.1779854801
115,AC,,Bus 115,,RWE Kraftwerk Frimmersdorf,,generator,,220.0,,SRID=4326;POINT(6.57648208812114 51.0555954583116),6.57648208812,51.0555954583
116,AC,50,Bus 116,,Station Norf,,substation,,220.0,220000;110000,SRID=4326;POINT(6.77252309438106 51.1471054906194),6.77252309438,51.1471054906
117,AC,,Bus 117,RWE,Station Sechtem,,substation,,380.0,380000;220000;110000,SRID=4326;POINT(6.97257742700703 50.795693017514),6.97257742701,50.7956930175
118,AC,50,Bus 118,Amprion,Station Ließem,,substation,,380.0,380000;110000,SRID=4326;POINT(7.13689469738717 50.6428608767133),7.13689469739,50.6428608767
119,AC,50,Bus 119,Net,Station Oberzier,,substation,,380.0,380000;110000,SRID=4326;POINT(6.45655246642153 50.8713380368705),6.45655246642,50.8713380369
120,AC,50,Bus 120,RWE,Station Dauersberg,,substation,,380.0,380000;220000;110000,SRID=4326;POINT(7.86394571365263 50.7682419129404),7.86394571365,50.7682419129
121,AC,,Bus 121,RWE,RWE Kraftwerk Weisweiler,,plant,,380.0,,SRID=4326;POINT(6.32166491493505 50.8383473627586),6.32166491494,50.8383473628
122,AC,50,Bus 122,Amprion,Station Verlautenheide,,substation,,380.0,380000;110000,SRID=4326;POINT(6.16738169006425 50.8020442927138),6.16738169006,50.8020442927
123,AC,50,Bus 123,RWE,Station Rommerskirchen,,substation,,380.0,380000;220000,SRID=4326;POINT(6.70220337779745 51.0088609096753),6.7022033778,51.0088609097
124,AC,50,Bus 124,,KW Neurath,,substation,,380.0,380000;220000;110000,SRID=4326;POINT(6.61240231530956 51.0359242594819),6.61240231531,51.0359242595
125,AC,,Bus 125,RWE,Station Opladen,,substation,,380.0,380000;220000;110000,SRID=4326;POINT(6.96568442352005 51.0693295322353),6.96568442352,51.0693295322
126,AC,50,Bus 126,RWE,Station Linde,,substation,,380.0,380000;110000,SRID=4326;POINT(7.23319684331545 51.2325069075148),7.23319684332,51.2325069075
127,AC,50,Bus 127,,Umspannwerk Weisweiler,,substation,,380.0,380000;110000,SRID=4326;POINT(6.30090123786765 50.8289532122665),6.30090123787,50.8289532123
128,AC,50,Bus 128,Amprion,Station Weißenthurm,,substation,,380.0,380000;220000;110000,SRID=4326;POINT(7.44948529010545 50.4025276621126),7.44948529011,50.4025276621
129,AC,50,Bus 129,RWE,Station Osterath,,substation,,380.0,220000;110000,SRID=4326;POINT(6.62582790177014 51.2606098249047),6.62582790177,51.2606098249
130,AC,50,Bus 130,,Station Halfeshof,,substation,,380.0,380000;110000,SRID=4326;POINT(7.12308195236379 51.1715887782054),7.12308195236,51.1715887782
131,AC,50,Bus 131,RWE,Station Sankt Peter 380 kV,,substation,,380.0,380000;220000,SRID=4326;POINT(6.80109333956604 51.1225390518584),6.80109333957,51.1225390519
132,AC,50,Bus 132,Amprion,Station Ohligs,,substation,,380.0,380000;110000,SRID=4326;POINT(7.00877914033175 51.1742549180397),7.00877914033,51.174254918
133,AC,,Bus 133,Amprion,Station Knapsack,,substation,,380.0,380000;110000,SRID=4326;POINT(6.8426506615144 50.8635385008881),6.84265066151,50.8635385009
134,AC,,Bus 134,RWE,Station Brauweiler,,substation,,220.0,220000;110000,SRID=4326;POINT(6.80461158012622 50.9662452961379),6.80461158013,50.9662452961
135,AC,,Bus 135,Amprion,Station Unna,,substation,,380.0,380000;110000,SRID=4326;POINT(7.7186272145384 51.5342075115271),7.71862721454,51.5342075115
136,AC,,Bus 136,Trianel,Geithe,,substation,,380.0,380000,SRID=4326;POINT(7.93077008561427 51.6729710197069),7.93077008561,51.6729710197
137,AC,,Bus 137,RWE,Station Pfalzdorf,,substation,,220.0,220000;110000,SRID=4326;POINT(6.22183144595687 51.6946456422206),6.22183144596,51.6946456422
138,AC,,Bus 138,,Kraftwerk Scholven,,generator,,380.0,,SRID=4326;POINT(7.00674987859998 51.5999114220203),7.0067498786,51.599911422
139,AC,,Bus 139,RWE,Station Bergmannsglück,,substation,,220.0,220000;110000,SRID=4326;POINT(7.03761988504233 51.5985496311832),7.03761988504,51.5985496312
140,AC,50,Bus 140,Amprion,Station Pöppinghausen,,substation,,220.0,220000;110000,SRID=4326;POINT(7.2640834625924 51.5735734103802),7.26408346259,51.5735734104
141,AC,50,Bus 141,Amprion,Station Laer,,substation,,220.0,220000;110000,SRID=4326;POINT(7.2789471130269 51.4722816773138),7.27894711303,51.4722816773
142,AC,,Bus 142,Evonik Industries AG,Kraftwerk Herne Baukau,,generator,,220.0,,SRID=4326;POINT(7.18667755311932 51.550589070577),7.18667755312,51.5505890706
143,AC,,Bus 143,E.On Kraftwerke GmbH,Kraftwerk Knepper,,generator,,380.0,,SRID=4326;POINT(7.35135784054859 51.568368608134),7.35135784055,51.5683686081
144,AC,,Bus 144,Amprion,Station Bochum,,substation,,220.0,220000;110000,SRID=4326;POINT(7.17937912538938 51.4722019484347),7.17937912539,51.4722019484
145,AC,50,Bus 145,RheinEnergie,UW Fühlingen,,substation,,220.0,220000;110000,SRID=4326;POINT(6.93488869659333 51.0335223350589),6.93488869659,51.0335223351
146,AC,50,Bus 146,,Station Reisholz,,substation,,220.0,220000;110000,SRID=4326;POINT(6.82813596908193 51.1626762413706),6.82813596908,51.1626762414
147,AC,,Bus 147,markE,Umspannwerk Garenfeld,,substation,,220.0,220000;110000,SRID=4326;POINT(7.50597329671546 51.401592550355),7.50597329672,51.4015925504
148,AC,50,Bus 148,RWE;Stadtwerke Düsseldorf,Station Eller,,substation,,220.0,220000;110000,SRID=4326;POINT(6.84699931064759 51.2055917698058),6.84699931065,51.2055917698
149,AC,,Bus 149,RWE,Station Siegburg,,substation,,220.0,220000;110000,SRID=4326;POINT(7.19316578267403 50.798335064694),7.19316578267,50.7983350647
150,AC,50,Bus 150,RWE,Station Gremberghoven,,substation,,220.0,220000;110000,SRID=4326;POINT(7.0473845241055 50.9055286094924),7.04738452411,50.9055286095
151,AC,,Bus 151,Amprion,Station Gohrpunkt,,substation,,220.0,220000;110000,SRID=4326;POINT(6.70967369516713 51.0909407427733),6.70967369517,51.0909407428
152,AC,50,Bus 152,RWE,Station Meckenheim,,substation,,220.0,220000;110000,SRID=4326;POINT(7.01293742640329 50.6176584938251),7.0129374264,50.6176584938
153,AC,50,Bus 153,RWE,Station Dülken,,substation,,220.0,380000;220000;110000,SRID=4326;POINT(6.33006858948983 51.2429161503794),6.33006858949,51.2429161504
154,AC,50,Bus 154,,Station Dünnwald,,substation,,220.0,220000,SRID=4326;POINT(7.0235444991641 50.999068409611),7.02354449916,50.9990684096
155,AC,50,Bus 155,Amprion,Umspannwerk Bixterheide,,substation,,220.0,220000;110000,SRID=4326;POINT(7.72438401522458 51.4093341305984),7.72438401522,51.4093341306
156,AC,,Bus 156,,Kraftwerkschaltanlage Knapsack 1,,substation,,380.0,380000;220000,SRID=4326;POINT(6.84223115147656 50.8598647243573),6.84223115148,50.8598647244
157,AC,50,Bus 157,Amprion,Station Gütersloh,,substation,,380.0,380000;220000;110000,SRID=4326;POINT(8.364229530696 51.9271204904611),8.3642295307,51.9271204905
158,AC,50,Bus 158,RWE,Station Hambach,,substation,,380.0,380000,SRID=4326;POINT(6.48812326381716 50.8810703125704),6.48812326382,50.8810703126
159,AC,50,Bus 159,TenneT,Conneforde,CONN,substation,,380.0,380000;220000;110000,SRID=4326;POINT(8.05408735442182 53.3323026933898),8.05408735442,53.3323026934
160,AC,50,Bus 160,EON_Netz,Kernkraftwerk Unterweser,,substation,,380.0,380000;220000,SRID=4326;POINT(8.47791063608626 53.428485468955),8.47791063609,53.428485469
161,AC,50,Bus 161,TenneT;EON_Netz,Conneforde 110/220 kV,CONN,substation,,220.0,220000;110000,SRID=4326;POINT(8.05283751634017 53.3338809598955),8.05283751634,53.3338809599
162,AC,50,Bus 162,,Bocklemünd,,substation,,220.0,220000;110000,SRID=4326;POINT(6.85153113794826 50.9841704680083),6.85153113795,50.984170468
163,AC,50,Bus 163,Amprion,Station Paffendorf,,substation,,380.0,380000;110000,SRID=4326;POINT(6.59601979462215 50.9525274624278),6.59601979462,50.9525274624
164,AC,50;16.7,Bus 164,E.ON,Schaltanlage Datteln 4,,substation,,380.0,380000;110000,SRID=4326;POINT(7.33861258614081 51.6319781250427),7.33861258614,51.631978125
165,AC,50,Bus 165,Amprion,Station Gersteinwerk,,substation,,380.0,380000;220000;110000,SRID=4326;POINT(7.70831848872651 51.6762033088437),7.70831848873,51.6762033088
166,AC,,Bus 166,RWE; evonik,Kraftwerk Bergkamen,,generator,,380.0,,SRID=4326;POINT(7.61702099509812 51.6371337640588),7.6170209951,51.6371337641
167,AC,50,Bus 167,Ampirion,Station Wambel,,substation,,220.0,220000;110000,SRID=4326;POINT(7.52228010104186 51.5321980552231),7.52228010104,51.5321980552
168,AC,50,Bus 168,RWE; ELE,Station Nordlicht,,substation,,380.0,380000;110000,SRID=4326;POINT(6.90660779028721 51.5652424465435),6.90660779029,51.5652424465
169,AC,50,Bus 169,,LMG,,substation,,220.0,220000,SRID=4326;POINT(6.96734393053748 51.4908618864265),6.96734393054,51.4908618864
170,AC,50,Bus 170,,Styrum,,substation,,220.0,220000;110000,SRID=4326;POINT(6.87287359352087 51.4457833372124),6.87287359352,51.4457833372
171,AC,,Bus 171,RWE,Station Selbeck,,substation,,220.0,220000;110000,SRID=4326;POINT(6.86804496307922 51.3744747805902),6.86804496308,51.3744747806
172,AC,50,Bus 172,Amprion,Station Hamborn,,substation,,220.0,220000;110000,SRID=4326;POINT(6.78752251671348 51.505550100013),6.78752251671,51.5055501
173,AC,50,Bus 173,RWE,Station Osterath,,substation,,380.0,380000,SRID=4326;POINT(6.62284323546559 51.258713368098),6.62284323547,51.2587133681
174,AC,50,Bus 174,Amprion,Station Handbach,,substation,,220.0,220000;110000,SRID=4326;POINT(6.81216588075166 51.5196200118095),6.81216588075,51.5196200118
175,AC,,Bus 175,Amprion,Station Rheinhausen,,substation,,220.0,220000,SRID=4326;POINT(6.72031000055597 51.3915325380171),6.72031000056,51.391532538
176,AC,50,Bus 176,,Station Edelstahl Krefeld,,substation,,220.0,220000;110000,SRID=4326;POINT(6.54240844257145 51.2994458149911),6.54240844257,51.299445815
177,AC,,Bus 177,50Hertz Transmission GmbH;E.ON edis AG,Umspannwerk Lüdershagen,Lhg,substation,,220.0,220000;110000,SRID=4326;POINT(13.0786421047586 54.2848461697305),13.0786421048,54.2848461697
178,AC,50,Bus 178,RWE,Setzer Wiese,,substation,,220.0,220000,SRID=4326;POINT(8.02029033797883 50.9236168949394),8.02029033798,50.9236168949
179,AC,,Bus 179,50Hertz Transmission GmbH,Bertikow,,substation,,220.0,380000;220000,SRID=4326;POINT(13.9570055475871 53.252171625753),13.9570055476,53.2521716258
180,AC,50,Bus 180,50Hertz Transmission GmbH,Vierraden,,substation,,220.0,220000;110000,SRID=4326;POINT(14.270834670665 53.0962865535819),14.2708346707,53.0962865536
181,AC,,Bus 181,50Hertz Transmission GmbH;E.ON edis AG,Pasewalk,,substation,,220.0,220000;110000,SRID=4326;POINT(14.0336963684666 53.5078685980791),14.0336963685,53.5078685981
182,AC,,Bus 182,PSE Operator,"Stacja elektroenergetyczna ""Krajnik"" 400/220 kV",KRA,substation,,220.0,400000;220000,SRID=4326;POINT(14.4762521006827 53.1967495480613),14.4762521007,53.1967495481
183,AC,50,Bus 183,50Hertz Transmission;Stromnetz Hamburg GmbH,Umspannwerk Hamburg/Süd,,substation,,380.0,380000;110000,SRID=4326;POINT(9.90884752815356 53.4880466403676),9.90884752815,53.4880466404
184,AC,50,Bus 184,Amprion,Station Utfort,,substation,,380.0,380000;220000;110000,SRID=4326;POINT(6.61738109142906 51.4757909635544),6.61738109143,51.4757909636
185,AC,50,Bus 185,,Uerdingen,,substation,,220.0,220000;110000,SRID=4326;POINT(6.65673519501182 51.379523634379),6.65673519501,51.3795236344
186,AC,50,Bus 186,Amprion,Walsum Block 10,,substation,,380.0,380000,SRID=4326;POINT(6.7111452744645 51.5261875490663),6.71114527446,51.5261875491
187,AC,,Bus 187,Amprion,Station Zensenbusch,,substation,,380.0,380000,SRID=4326;POINT(6.68934277038931 51.5764228881728),6.68934277039,51.5764228882
188,AC,,Bus 188,,Kraftwerk Huckingen,,generator,,220.0,,SRID=4326;POINT(6.72365237186396 51.375845810902),6.72365237186,51.3758458109
189,AC,50,Bus 189,,Umspannwerk Trossingen,TRSNG,substation,,380.0,380000;110000,SRID=4326;POINT(8.61664767275337 48.0659537906797),8.61664767275,48.0659537907
190,AC,50,Bus 190,EnBW,EnBW Umspannwerk Engstlatt,ENGST,substation,,380.0,380000,SRID=4326;POINT(8.87294280487974 48.3100912582216),8.87294280488,48.3100912582
191,AC,50,Bus 191,Amprion,Station Walsum,,substation,,380.0,220000;110000,SRID=4326;POINT(6.71525259691926 51.5267908666491),6.71525259692,51.5267908666
192,AC,,Bus 192,EON_edis,Güstrow,,substation,,220.0,220000;110000,SRID=4326;POINT(12.1857651811846 53.8108597989599),12.1857651812,53.810859799
193,AC,50,Bus 193,,Station Beeck,,substation,,220.0,380000;220000;110000,SRID=4326;POINT(6.72256980950278 51.4797876727124),6.7225698095,51.4797876727
194,AC,,Bus 194,evonik,Kraftwerk Voerde,,generator,,380.0,,SRID=4326;POINT(6.68306568260248 51.577104777735),6.6830656826,51.5771047777
195,AC,,Bus 195,,Station Möllen,,substation,,380.0,220000,SRID=4326;POINT(6.68310697663871 51.5756455059265),6.68310697664,51.5756455059
196,AC,,Bus 196,,,,substation,,220.0,220000,SRID=4326;POINT(6.74541676675317 51.4986419480434),6.74541676675,51.498641948
197,AC,50,Bus 197,,Spellen,,substation,,220.0,220000;110000,SRID=4326;POINT(6.61427855504049 51.6186788033284),6.61427855504,51.6186788033
198,AC,50,Bus 198,,,,substation,,380.0,380000,SRID=4326;POINT(7.9706568937083 51.6768446667846),7.97065689371,51.6768446668
199,AC,,Bus 199,Amprion,Station Elmenhorst,,substation,,220.0,220000;110000,SRID=4326;POINT(7.44506930371379 51.6185000869374),7.44506930371,51.6185000869
200,AC,50,Bus 200,Amprion,Station Ruhrort,,substation,,220.0,220000;110000,SRID=4326;POINT(6.73212495035583 51.4594437365975),6.73212495036,51.4594437366
201,AC,50,Bus 201,EON_Netz,Sottrum,,substation,,380.0,380000;220000;110000,SRID=4326;POINT(9.25103425143703 53.1144323051271),9.25103425144,53.1144323051
202,AC,,Bus 202,KKW Lippe-Ems,Kernkraftwerk Emsland,KKE,plant,,380.0,,SRID=4326;POINT(7.32089257541703 52.4714572265383),7.32089257542,52.4714572265
203,AC,,Bus 203,TenneT,380kV Hengelo,,substation,,380.0,380000,SRID=4326;POINT(6.75917485282445 52.2488578798871),6.75917485282,52.2488578799
204,AC,,Bus 204,markE,Elverlingsen,,substation,,220.0,220000;110000,SRID=4326;POINT(7.70632726933662 51.278583155205),7.70632726934,51.2785831552
205,AC,,Bus 205,RWE Power AG,Koepchenwerk,,plant,,220.0,,SRID=4326;POINT(7.45034204531003 51.413608212821),7.45034204531,51.4136082128
206,AC,,Bus 206,,RWE Kraftwerk Neurath BoA Bl. F/G,,plant,,380.0,,SRID=4326;POINT(6.63448162267058 51.0359799381303),6.63448162267,51.0359799381
207,AC,50,Bus 207,Amprion,Amelsbüren,,substation,,220.0,220000,SRID=4326;POINT(7.60711612154456 51.8986046029193),7.60711612154,51.8986046029
208,AC,50,Bus 208,RWE,Station Lippe,,substation,,380.0,380000,SRID=4326;POINT(7.4035444340631 51.644449487967),7.40354443406,51.644449488
209,AC,50,Bus 209,TenneT TSO GmbH,Schaltanlage Ovenstädt,3018,substation,,380.0,380000,SRID=4326;POINT(8.93969252741257 52.4030332405173),8.93969252741,52.4030332405
210,AC,,Bus 210,Gemeinschaftskernkraftwerk Grohnde GmbH & Co. oHG,Kernkraftwerk Grohnde,KWG,plant,,380.0,,SRID=4326;POINT(9.40952032742215 52.034316665873),9.40952032742,52.0343166659
211,AC,50,Bus 211,Amprion,Mittelbexbach,,substation,,380.0,380000,SRID=4326;POINT(7.23579344536789 49.3693923629482),7.23579344537,49.3693923629
212,AC,50,Bus 212,Amprion; Westnetz,Station Osburg,,substation,,380.0,380000;110000,SRID=4326;POINT(6.81368431456473 49.7248340737293),6.81368431456,49.7248340737
213,AC,50,Bus 213,RWE,Umspannanlage Pfungstadt,,substation,,220.0,220000;110000,SRID=4326;POINT(8.58869049603326 49.8155140579794),8.58869049603,49.815514058
214,AC,50,Bus 214,Net,Station Rheinau,,substation,,220.0,220000;110000,SRID=4326;POINT(8.5471609252134 49.4405396661002),8.54716092521,49.4405396661
215,AC,50,Bus 215,,BASF,,substation,,220.0,220000,SRID=4326;POINT(8.40826973550855 49.5285689245626),8.40826973551,49.5285689246
216,AC,50,Bus 216,Amprion,Umspannstation Hoheneck Amprion,,substation,,380.0,380000;220000;110000,SRID=4326;POINT(9.1907874369222 48.914416873799),9.19078743692,48.9144168738
217,AC,50,Bus 217,,Kraftwerk Rostock,,generator,,380.0,,SRID=4326;POINT(12.1320699705054 54.14245987564),12.1320699705,54.1424598756
218,AC,,Bus 218,E.ON edis AG,Bentwisch,,substation,,220.0,220000;110000,SRID=4326;POINT(12.2135605440795 54.1119998545154),12.2135605441,54.1119998545
219,AC,50,Bus 219,TenneT,Eickum,,substation,,380.0,380000;110000,SRID=4326;POINT(8.5712588278729 52.1053649602273),8.57125882787,52.1053649602
220,AC,50,Bus 220,TenneT,Umspannwerk Bechterdissen,,substation,,380.0,380000;220000;110000,SRID=4326;POINT(8.65937290290079 51.9996101318907),8.6593729029,51.9996101319
221,AC,50;0,Bus 221,TenneT;EON_Netz,Diele,DIEL,substation,,380.0,380000;150000;110000,SRID=4326;POINT(7.31136229105814 53.1257665563186),7.31136229106,53.1257665563
222,AC,,Bus 222,TenneT,380kV Meeden,,substation,,380.0,380000;220000,SRID=4326;POINT(6.94948397153705 53.1235378223082),6.94948397154,53.1235378223
223,AC,50,Bus 223,Pfalzwerke AG,Umspannwerk Maximiliansau,,substation,,220.0,220000;110000,SRID=4326;POINT(8.27327814618118 49.0293980916396),8.27327814618,49.0293980916
224,AC,50,Bus 224,Pfalzwerke,Netzleitstelle Mutterstadt,,substation,,220.0,220000;110000,SRID=4326;POINT(8.3523338799966 49.4212743386606),8.35233388,49.4212743387
225,AC,50,Bus 225,Amprion,Otterbach,,substation,,220.0,220000;110000,SRID=4326;POINT(7.72920197913641 49.4826474297682),7.72920197914,49.4826474298
226,AC,50,Bus 226,TenneT;EON_Netz,Godenau,,substation,,220.0,220000;110000,SRID=4326;POINT(9.79733602695253 52.0008392513306),9.79733602695,52.0008392513
227,AC,50,Bus 227,Ampirion,Vöhringen Amprion,,substation,,380.0,380000,SRID=4326;POINT(10.0821573264928 48.2660901578788),10.0821573265,48.2660901579
228,AC,50,Bus 228,,Umspannwerk Weinheim,,substation,,220.0,220000;110000,SRID=4326;POINT(8.62716125806072 49.5435952670263),8.62716125806,49.543595267
229,AC,,Bus 229,,Mannheim,,substation,,220.0,220000;110000,SRID=4326;POINT(8.50180851652818 49.4449115114399),8.50180851653,49.4449115114
230,AC,,Bus 230,Amprion,Umspannwerk Gundelfingen,,substation,,380.0,380000,SRID=4326;POINT(10.391776056934 48.5184609117668),10.3917760569,48.5184609118
231,AC,50,Bus 231,Schluchseewerk AG,Lastverteilung/Schaltanlage Kühmoos,,substation,,380.0,380000;220000,SRID=4326;POINT(7.95805402328778 47.5954722640613),7.95805402329,47.5954722641
232,AC,50,Bus 232,LEW,Vöhringen LEW,Station Nr. 625,substation,,380.0,380000;220000;110000,SRID=4326;POINT(10.0837512706734 48.268867515302),10.0837512707,48.2688675153
233,AC,50,Bus 233,EnBW,Umspannwerk Dellmensingen,,substation,,380.0,380000;220000;110000,SRID=4326;POINT(9.88551509756969 48.3040743584705),9.88551509757,48.3040743585
234,AC,50,Bus 234,,Umspannwerk Stockach,,substation,,220.0,220000;110000,SRID=4326;POINT(9.01340238045655 47.8453486310857),9.01340238046,47.8453486311
235,AC,50,Bus 235,EnBW,Umspannwerk Gurtweil,,substation,,220.0,220000;110000,SRID=4326;POINT(8.25192548128222 47.6397698264894),8.25192548128,47.6397698265
236,AC,50,Bus 236,EnBW,Umspannwerk Hoheneck EnBW,,substation,,380.0,220000;110000,SRID=4326;POINT(9.19675652645089 48.9129634380259),9.19675652645,48.912963438
237,AC,,Bus 237,,Heisdorf,,substation,,220.0,220000;65000,SRID=4326;POINT(6.13981113770544 49.6686086456422),6.13981113771,49.6686086456
238,AC,50,Bus 238,Amprion,Station Trier,,substation,,220.0,220000,SRID=4326;POINT(6.62053556843084 49.7489386710632),6.62053556843,49.7489386711
239,AC,50,Bus 239,Amprion; Westnetz,Station Quint,,substation,,220.0,220000;110000,SRID=4326;POINT(6.70228540768092 49.8289944201161),6.70228540768,49.8289944201
240,AC,50,Bus 240,Süwag,Station Kelsterbach,,substation,,220.0,220000,SRID=4326;POINT(8.53151493939883 50.047874332134),8.5315149394,50.0478743321
241,AC,50,Bus 241,Amprion,Umspannwerk Kriftel,,substation,,380.0,380000;110000,SRID=4326;POINT(8.4713716330449 50.0972077427754),8.47137163304,50.0972077428
242,AC,,Bus 242,"Amprion, Süwag",Station Limburg,,substation,,380.0,380000;110000,SRID=4326;POINT(8.06573796639762 50.4060681118621),8.0657379664,50.4060681119
245,AC,50,Bus 245,Amprion,Karlstein,,substation,,380.0,380000;110000,SRID=4326;POINT(8.98953614977701 50.0602550608281),8.98953614978,50.0602550608
246,AC,50,Bus 246,TenneT,Umspannwerk Großkrotzenburg,,substation,,380.0,380000;220000,SRID=4326;POINT(8.95870856177306 50.0826078105489),8.95870856177,50.0826078105
247,AC,50,Bus 247,Amprion,Schaltanlage Leupolz,,substation,,380.0,380000;220000,SRID=4326;POINT(10.363384232266 47.7383368092793),10.3633842323,47.7383368093
248,AC,,Bus 248,Trianel,Trianel Kraftwerk Lünen,,generator,,380.0,,SRID=4326;POINT(7.46150025901999 51.6146143079042),7.46150025902,51.6146143079
249,AC,,Bus 249,,Gersteinwerk Block K,,generator,,380.0,,SRID=4326;POINT(7.71823231962748 51.6743422007117),7.71823231963,51.6743422007
250,AC,,Bus 250,,Gersteinwerk Block F,,generator,,380.0,,SRID=4326;POINT(7.71554341949648 51.6736430744508),7.7155434195,51.6736430745
251,AC,,Bus 251,,Gersteinwerk Block G,,generator,,380.0,,SRID=4326;POINT(7.71459453349968 51.6730996381138),7.7145945335,51.6730996381
252,AC,,Bus 252,,Gersteinwerk Block I,,generator,,380.0,,SRID=4326;POINT(7.71270093431027 51.672663662233),7.71270093431,51.6726636622
253,AC,50,Bus 253,Amprion,Station Lippborg,,substation,,380.0,380000;110000,SRID=4326;POINT(7.98122159643085 51.6735262619046),7.98122159643,51.6735262619
254,AC,50,Bus 254,,Niederhausen,,substation,,220.0,220000;110000,SRID=4326;POINT(7.79256714933307 49.8105487811028),7.79256714933,49.8105487811
255,AC,,Bus 255,Amprion; Westnetz,Station Wengerohr,,substation,,220.0,220000;110000,SRID=4326;POINT(6.92013045452502 49.9705818904706),6.92013045453,49.9705818905
256,AC,50,Bus 256,VSE,Dieffeln,,substation,,220.0,220000,SRID=4326;POINT(6.75552340556687 49.3648695914696),6.75552340557,49.3648695915
257,AC,,Bus 257,RWE,Kernkraftwerk Biblis,,plant,,380.0,,SRID=4326;POINT(8.41467459584413 49.7091468139245),8.41467459584,49.7091468139
258,AC,50,Bus 258,TenneT;AVACON,Umspannwerk Rosdorf,,substation,,220.0,220000;110000,SRID=4326;POINT(9.88280429847019 51.5155074976724),9.88280429847,51.5155074977
259,AC,50,Bus 259,TenneT;EON_Netz,Hardegsen,,substation,,220.0,220000;110000,SRID=4326;POINT(9.85139357253472 51.6491352399809),9.85139357253,51.64913524
260,AC,50,Bus 260,EnBW,EnBW Umspannwerk Oberjettingen,OBJTT,substation,,380.0,380000;110000,SRID=4326;POINT(8.78579302528601 48.5837674015328),8.78579302529,48.5837674015
261,AC,50,Bus 261,EnBW Transportnetze AG,380kV-Umspannwerk Pulverdingen,,substation,,380.0,380000;220000;110000,SRID=4326;POINT(9.0454349679866 48.9029620137561),9.04543496799,48.9029620138
262,AC,50,Bus 262,,Umspannwerk Obermooweiler,,substation,,380.0,380000,SRID=4326;POINT(9.8013171668981 47.6525043240978),9.8013171669,47.6525043241
263,AC,,Bus 263,Vorarlberger Illwerke AG,Umspannwerk Bürs,,substation,,380.0,380000;220000,SRID=4326;POINT(9.81091689214732 47.142645296653),9.81091689215,47.1426452967
264,AC,,Bus 264,EnBW,Umspannwerk Herbertingen,,substation,,380.0,380000;220000;110000,SRID=4326;POINT(9.42551238607291 48.0643507981263),9.42551238607,48.0643507981
265,AC,50,Bus 265,Amprion,Station Lüstringen,,substation,,220.0,220000;110000,SRID=4326;POINT(8.10495957410199 52.2642613740358),8.1049595741,52.264261374
266,AC,,Bus 266,"Tennet TSO GmbH, E.ON Netz GmbH",Umspannwerk Marienberg,,substation,,220.0,220000,SRID=4326;POINT(12.1301906295374 47.9131654820025),12.1301906295,47.913165482
267,AC,50,Bus 267,RWE,Station Sankt Peter 220 kV,,substation,,380.0,220000;110000,SRID=4326;POINT(6.8018236570969 51.1247880606241),6.8018236571,51.1247880606
268,AC,50,Bus 268,Amprion,Station Eiserfeld,,substation,,220.0,220000;110000,SRID=4326;POINT(7.98506745761923 50.8422254447013),7.98506745762,50.8422254447
269,AC,50,Bus 269,e.on;Mitte AG,Dillenburg,,substation,,380.0,380000;110000,SRID=4326;POINT(8.284861778672 50.7590735194915),8.28486177867,50.7590735195
270,AC,50,Bus 270,TenneT;EON_Netz,Emden-Borßum,EMDB,substation,,220.0,220000;110000,SRID=4326;POINT(7.22423842685352 53.3499271468647),7.22423842685,53.3499271469
271,AC,,Bus 271,,Umspannwerk Kraftwerk Emden,EMDE,substation,,220.0,220000;110000,SRID=4326;POINT(7.20605284001418 53.3413192541639),7.20605284001,53.3413192542
272,AC,50,Bus 272,TenneT,Flensburg,FLEN,substation,,380.0,380000;220000;110000;20000,SRID=4326;POINT(9.31819523638713 54.7160494089748),9.31819523639,54.716049409
273,AC,,Bus 273,Energinet.dk,400 kV Kassø,KAS,substation,,220.0,400000;220000;150000,SRID=4326;POINT(9.27063390877085 55.0370264816237),9.27063390877,55.0370264816
274,AC,,Bus 274,,150 kV Enstedværket,,substation,,220.0,220000;150000;60000,SRID=4326;POINT(9.43342930362242 55.0187229179606),9.43342930362,55.018722918
275,AC,,Bus 275,,,,substation,,220.0,220000,SRID=4326;POINT(7.43348911422107 50.4365195361077),7.43348911422,50.4365195361
276,AC,,Bus 276,RWE,Station Koblenz,,substation,,380.0,380000;110000,SRID=4326;POINT(7.59330184856855 50.3859437917469),7.59330184857,50.3859437917
277,AC,50,Bus 277,,Atlantic,,substation,,220.0,220000,SRID=4326;POINT(8.12215702005755 53.5658323292485),8.12215702006,53.5658323292
278,AC,50,Bus 278,50Hertz Transmission,Magdeburg (50Hertz),,substation,,220.0,220000;110000,SRID=4326;POINT(11.5615074728142 52.1238924527264),11.5615074728,52.1238924527
279,AC,50,Bus 279,50Hertz,Umspannwerk Röhrsdorf,ROE,substation,,380.0,380000;220000;110000,SRID=4326;POINT(12.8139099116529 50.8579185114397),12.8139099117,50.8579185114
280,AC,50,Bus 280,50Hertz,Umspannwerk Streumen,STR,substation,,380.0,380000;110000,SRID=4326;POINT(13.3823233828996 51.3559961579888),13.3823233829,51.355996158
281,AC,,Bus 281,50Hertz,Umspannwerk Weida,,substation,,380.0,380000;220000;110000,SRID=4326;POINT(12.0449825161601 50.7812567340735),12.0449825162,50.7812567341
282,AC,50,Bus 282,50Hertz Transmission,Eula,,substation,,380.0,380000;220000;110000,SRID=4326;POINT(12.5182220968156 51.1570725850832),12.5182220968,51.1570725851
283,AC,,Bus 283,E.ON Mitte AG,Umspannwerk Aßlar,,substation,,380.0,380000;110000,SRID=4326;POINT(8.48009523461158 50.5909204313802),8.48009523461,50.5909204314
284,AC,50,Bus 284,,Umspannwerk Gießen Nord,,substation,,380.0,380000;110000,SRID=4326;POINT(8.65659923594081 50.6055491256016),8.65659923594,50.6055491256
285,AC,50,Bus 285,TenneT,Cloppenburg 220 kV,,substation,,220.0,220000,SRID=4326;POINT(8.08162670615254 52.858637484526),8.08162670615,52.8586374845
286,AC,50,Bus 286,TenneT,Sandershausen,,substation,,220.0,220000;110000,SRID=4326;POINT(9.56710201161841 51.3252573276817),9.56710201162,51.3252573277
287,AC,,Bus 287,,Kraftwerkschaltanlage Ibbenbüren,,substation,,220.0,220000,SRID=4326;POINT(7.74679248425685 52.2885115081219),7.74679248426,52.2885115081
288,AC,50,Bus 288,EnBW,Umspannwerk Weier,,substation,,220.0,220000;110000,SRID=4326;POINT(7.91072928612534 48.5012882982432),7.91072928613,48.5012882982
289,AC,50,Bus 289,Amprion,Station Ibbenbüren,,substation,,220.0,220000;110000,SRID=4326;POINT(7.7257063478071 52.2771949017405),7.72570634781,52.2771949017
290,AC,,Bus 290,50Hertz;ENSO,Umspannwerk Schmölln,,substation,,380.0,380000;110000,SRID=4326;POINT(14.2192282929357 51.120707992198),14.2192282929,51.1207079922
291,AC,,Bus 291,Vattenfall Europe,Kraftwerk Boxberg,,generator,,380.0,,SRID=4326;POINT(14.5700865498873 51.4190136844256),14.5700865499,51.4190136844
292,AC,50,Bus 292,50Hertz,Umspannwerk Förderstedt,MD 38,substation,,380.0,220000;110000,SRID=4326;POINT(11.6441811001256 51.908512873438),11.6441811001,51.9085128734
293,AC,50,Bus 293,,Pumpspeicherkraftwerk Hohenwarte II,,plant,,220.0,220000,SRID=4326;POINT(11.4746908222742 50.6040154814218),11.4746908223,50.6040154814
294,AC,50,Bus 294,50Hertz,Umspannwerk Altenfeld,,substation,,380.0,380000;110000,SRID=4326;POINT(10.9910146333086 50.573526990181),10.9910146333,50.5735269902
295,AC,,Bus 295,EON_Netz,Umspannwerk Braunschweig Nord,,substation,,220.0,220000,SRID=4326;POINT(10.5054991208047 52.3018379056382),10.5054991208,52.3018379056
296,AC,,Bus 296,Statkraft Germany,Kraftwerk Robert Frank,,plant,,380.0,,SRID=4326;POINT(9.11362795987411 52.5457924749284),9.11362795987,52.5457924749
297,AC,50,Bus 297,TenneT;EON_Netz,Salzgitter-Hallendorf,,substation,,220.0,220000;110000,SRID=4326;POINT(10.3692300485918 52.1670924338554),10.3692300486,52.1670924339
298,AC,,Bus 298,TenneT,Gleidingen 220 kV,,substation,,220.0,220000,SRID=4326;POINT(10.4195406346214 52.2369606619834),10.4195406346,52.236960662
299,AC,,Bus 299,,Mehrum (220 kV),,substation,,220.0,220000;110000,SRID=4326;POINT(10.0876467999739 52.3151305547947),10.0876468,52.3151305548
300,AC,50,Bus 300,Amprion,Station Sankt Hülfe,,substation,,220.0,220000;110000,SRID=4326;POINT(8.40314143640892 52.609644011383),8.40314143641,52.6096440114
301,AC,50,Bus 301,,Klein Ilsede,U4,substation,,380.0,380000;110000,SRID=4326;POINT(10.2358631058452 52.2934595399896),10.2358631058,52.29345954
302,AC,,Bus 302,TenneT,Umspannwerk Bergshausen,,substation,,380.0,380000;110000,SRID=4326;POINT(9.5142400914841 51.2590355805955),9.51424009148,51.2590355806
303,AC,,Bus 303,,Umspannanlage Würgassen,,substation,,380.0,380000;220000;110000,SRID=4326;POINT(9.38765125748855 51.640733525594),9.38765125749,51.6407335256
304,AC,50,Bus 304,Tennet,UW Dipperz,,substation,,380.0,380000;110000,SRID=4326;POINT(9.77415043834156 50.5287496465011),9.77415043834,50.5287496465
305,AC,50;16.7,Bus 305,DB_Energie,Umrichterwerk Neckarwestheim,,substation,,380.0,380000;110000,SRID=4326;POINT(9.17745967557079 49.037809850476),9.17745967557,49.0378098505
306,AC,,Bus 306,,Gemeinschaftskraftwerk Neckarwestheim 2,,substation,,380.0,380000,SRID=4326;POINT(9.17731110343941 49.039378200434),9.17731110344,49.0393782004
307,AC,,Bus 307,,380-kV-Umspannwerk Großgartach,,substation,,380.0,380000;220000;110000,SRID=4326;POINT(9.15135394990856 49.1433834119236),9.15135394991,49.1433834119
308,AC,,Bus 308,,Grafenrheinfeld,GR,substation,,380.0,380000,SRID=4326;POINT(10.1878339995516 49.981219040845),10.1878339996,49.9812190408
309,AC,50,Bus 309,EnBW,Umspannwerk Höpfingen,,substation,,380.0,380000;110000,SRID=4326;POINT(9.44691867105201 49.5902629324336),9.44691867105,49.5902629324
310,AC,,Bus 310,,Heizkraftwerk Heilbronn,,generator,,380.0,,SRID=4326;POINT(9.20736443093694 49.1766379540065),9.20736443094,49.176637954
311,AC,50,Bus 311,EnBW,Umspannwerk Kupferzell,,substation,,380.0,380000;110000,SRID=4326;POINT(9.69465635518013 49.2325925411591),9.69465635518,49.2325925412
312,AC,50,Bus 312,EnBW,Umspannwerk Goldshöfe,,substation,,380.0,380000;220000;110000,SRID=4326;POINT(10.1174866946797 48.8971053361382),10.1174866947,48.8971053361
313,AC,,Bus 313,50 Hertz Transmission;Stadtwerke Leipzig,Pulgar,,substation,,380.0,380000;110000,SRID=4326;POINT(12.3374229103144 51.1969683571228),12.3374229103,51.1969683571
314,AC,,Bus 314,Net,Station Meitingen,,substation,,380.0,380000,SRID=4326;POINT(10.8675658805484 48.5394690937344),10.8675658805,48.5394690937
315,AC,50,Bus 315,Lech-Elektrizitätswerke,Umspannwerk Oberottmarshausen,173A,substation,,380.0,380000;220000;110000,SRID=4326;POINT(10.8408695619217 48.2380310092335),10.8408695619,48.2380310092
316,AC,50,Bus 316,Lechwerke;Stadtwerke Augsburg,Umspannwerk Lechhausen; Übernahmestation Lechhausen,613 U;1000,substation,,380.0,380000;110000,SRID=4326;POINT(10.9367289314287 48.4013064414835),10.9367289314,48.4013064415
317,AC,50,Bus 317,Austrian Power Grid AG,APG Umspannwerk Westtirol,,substation,,380.0,380000;220000;110000,SRID=4326;POINT(10.8739357569814 47.2444239286028),10.873935757,47.2444239286
318,AC,,Bus 318,Elektrizitätswerke Augsburg,Umspannwerk Meitingen,122 U,substation,,380.0,380000;110000,SRID=4326;POINT(10.8637616199498 48.5468231051405),10.8637616199,48.5468231051
319,AC,50,Bus 319,EnBW,EnBW Umspannwerk Laichingen,,substation,,380.0,380000;110000,SRID=4326;POINT(9.70423149899321 48.465063732143),9.70423149899,48.4650637321
320,AC,,Bus 320,,EnBW Umspannwerk Wendlingen,,substation,,380.0,380000;220000;110000,SRID=4326;POINT(9.40063139462492 48.6669424396984),9.40063139462,48.6669424397
321,AC,,Bus 321,,Poste électrique de Vogelgrun,,substation,,220.0,400000,SRID=4326;POINT(7.5724373132812 48.0188749889275),7.57243731328,48.0188749889
322,AC,50,Bus 322,EnBW,220-kV-Umspannwerk Eichstetten,,substation,,380.0,220000;110000,SRID=4326;POINT(7.75186249820802 48.0964057188536),7.75186249821,48.0964057189
323,AC,50,Bus 323,,Crossen,,substation,,220.0,220000;110000,SRID=4326;POINT(12.4772465232803 50.7531200813148),12.4772465233,50.7531200813
324,AC,50,Bus 324,50Hertz,Umspannwerk Hagenwerder,HGW,substation,,380.0,380000;110000,SRID=4326;POINT(14.9464972856333 51.0625862159619),14.9464972856,51.062586216
325,AC,,Bus 325,PSE Operator,"Stacja elektroenergetyczna ""Mikułowa"" 400/220/110 kV",MIK,substation,,380.0,400000;220000;110000,SRID=4326;POINT(15.1149907448572 51.0905795559394),15.1149907449,51.0905795559
326,AC,50,Bus 326,Vattenfall;ENSO Strom AG;DREWAG,Umspannwerk DD-Süd,,substation,,380.0,380000;110000,SRID=4326;POINT(13.8412680841242 50.9901759359427),13.8412680841,50.9901759359
327,AC,50,Bus 327,50Hertz Transmission,Freiberg/Nord (380 kV),,substation,,380.0,380000,SRID=4326;POINT(13.255555023675 50.9301782416399),13.2555550237,50.9301782416
328,AC,,Bus 328,Austrian Power Grid AG,Umspannwerk St. Peter,,substation,,220.0,,SRID=4326;POINT(13.0818771201792 48.2565212405017),13.0818771202,48.2565212405
329,AC,,Bus 329,"Tennet, E.on Netz",Umspannwerk Simbach,,substation,,220.0,220000,SRID=4326;POINT(13.0027821071279 48.261968265807),13.0027821071,48.2619682658
330,AC,50,Bus 330,"TenneT TSO GmbH, E.ON Netz GmbH",Umspannwerk Altheim,AHM,substation,,220.0,220000;110000,SRID=4326;POINT(12.2208353620671 48.5857329876532),12.2208353621,48.5857329877
331,AC,50,Bus 331,"TenneT TSO GmbH, E.ON Netz GmbH",Umspannwerk Pirach,PI,substation,,220.0,220000;110000,SRID=4326;POINT(12.7474442277007 48.1487558434787),12.7474442277,48.1487558435
332,AC,50,Bus 332,"TenneT TSO GmbH, E.ON Netz GmbH",Umspannwerk Pleinting,PT,substation,,380.0,380000;220000;110000,SRID=4326;POINT(13.1034346393158 48.6667929606034),13.1034346393,48.6667929606
333,AC,50,Bus 333,TenneT,Umspannwerk Jardelund,,substation,,380.0,380000;110000;20000,SRID=4326;POINT(9.19698235871826 54.8510986052119),9.19698235872,54.8510986052
334,AC,,Bus 334,,Umspannwerk Redwitz,RED,substation,,380.0,380000;110000,SRID=4326;POINT(11.193727795361 50.1622144406172),11.1937277954,50.1622144406
335,AC,,Bus 335,TenneT TSO GmbH,Umspannwerk Oberhaid,OD,substation,,380.0,380000,SRID=4326;POINT(10.8360157547717 49.9280673897058),10.8360157548,49.9280673897
336,AC,50,Bus 336,TenneT TSO GmbH;E.ON Netz GmbH,Umspannwerk Mechlenreuth,MH,substation,,380.0,380000;220000;110000,SRID=4326;POINT(11.8107025453557 50.1837655260691),11.8107025454,50.1837655261
337,AC,,Bus 337,,Isar,IS,substation,,380.0,380000,SRID=4326;POINT(12.2968837896062 48.6069099225677),12.2968837896,48.6069099226
338,AC,50,Bus 338,"TenneT TSO GmbH, E.ON Netz GmbH",Schwandorf,SD,substation,,380.0,380000;220000;110000,SRID=4326;POINT(12.0822544456506 49.2974477669261),12.0822544457,49.2974477669
339,AC,50,Bus 339,,Beerfelden,,substation,,220.0,220000;110000,SRID=4326;POINT(8.95368121281126 49.5674431691125),8.95368121281,49.5674431691
340,AC,50,Bus 340,50Hertz;enviaM,Umspannwerk Taucha,,substation,,220.0,220000;110000,SRID=4326;POINT(12.4696440085589 51.3716629493371),12.4696440086,51.3716629493
341,AC,50,Bus 341,50Hertz Transmission;enviaM,Großdalzig,,substation,,220.0,220000;110000,SRID=4326;POINT(12.2488239057592 51.1978824277899),12.2488239058,51.1978824278
342,AC,50,Bus 342,50Hertz,Wolkramshausen (220 kV),WK,substation,,220.0,220000,SRID=4326;POINT(10.7346694298176 51.4401867580454),10.7346694298,51.440186758
343,AC,50,Bus 343,,Pumpspeicherwerk Goldisthal,,substation,,380.0,380000,SRID=4326;POINT(11.0049169149012 50.5074149690608),11.0049169149,50.5074149691
344,AC,50,Bus 344,eins-Energie,Niederwiesa,Nws,substation,,220.0,220000;110000,SRID=4326;POINT(13.0025898987886 50.8659127196838),13.0025898988,50.8659127197
345,AC,50,Bus 345,50Hertz;enviaM,Umspannwerk Herlasgrün,Her,substation,,220.0,220000;110000,SRID=4326;POINT(12.2428369226029 50.5674531670625),12.2428369226,50.5674531671
346,AC,50,Bus 346,50Hertz,Umspannwerk Reuter,,substation,,380.0,380000;110000,SRID=4326;POINT(13.249028367237 52.5316238928337),13.2490283672,52.5316238928
347,AC,50,Bus 347,50Hertz,Umspannwerk Charlottenburg,,substation,,380.0,380000;110000,SRID=4326;POINT(13.3155158513838 52.5219993683183),13.3155158514,52.5219993683
348,AC,,Bus 348,50Hertz;Stromnetz Berlin,Berlin/Mitte,,substation,,380.0,380000;110000,SRID=4326;POINT(13.3686584616208 52.5031422115792),13.3686584616,52.5031422116
349,AC,,Bus 349,TenneT TSO GmbH;E.ON Netz GmbH,Umspannwerk Sittling,SIT,substation,,220.0,220000;110000,SRID=4326;POINT(11.7924138446413 48.8382240226632),11.7924138446,48.8382240227
350,AC,50,Bus 350,TenneT TSO GmbH;E.ON Netz GmbH,Umspannwerk Ludersheim,LU,substation,,220.0,220000;110000,SRID=4326;POINT(11.3269526751765 49.393473117636),11.3269526752,49.3934731176
351,AC,50,Bus 351,,Ingolstadt,IN,substation,,380.0,380000;220000;110000,SRID=4326;POINT(11.5077305510922 48.7611239877457),11.5077305511,48.7611239877
352,AC,,Bus 352,,Zolling - Irsching,ZOL,substation,,220.0,220000;110000,SRID=4326;POINT(11.8076056361242 48.4554267991033),11.8076056361,48.4554267991
353,AC,50,Bus 353,,Irsching,IRS,substation,,380.0,380000;220000;110000,SRID=4326;POINT(11.5813705216127 48.7648940508515),11.5813705216,48.7648940509
354,AC,50,Bus 354,,Föhring,,substation,,380.0,380000;110000,SRID=4326;POINT(11.6393121107521 48.1787834095237),11.6393121108,48.1787834095
355,AC,,Bus 355,SEO,Vianden,,substation,,220.0,220000,SRID=4326;POINT(6.17791451185192 49.9530650802033),6.17791451185,49.9530650802
356,AC,50,Bus 356,Amprion,SA Bauler,,substation,,220.0,220000,SRID=4326;POINT(6.21102031526762 49.9586257531557),6.21102031527,49.9586257532
357,AC,,Bus 357,,Flebour,,substation,,220.0,220000;65000,SRID=4326;POINT(6.11451700702834 49.9053646588261),6.11451700703,49.9053646588
358,AC,,Bus 358,,Roost,,substation,,220.0,220000;65000,SRID=4326;POINT(6.08346044961418 49.7764406189112),6.08346044961,49.7764406189
359,AC,,Bus 359,RTE,Poste électrique de Vigy,,substation,,380.0,400000;225000,SRID=4326;POINT(6.27694178519793 49.1977400673896),6.2769417852,49.1977400674
360,AC,50,Bus 360,,Umspannanlage Ensdorf,,substation,,380.0,380000;220000;110000,SRID=4326;POINT(6.77320783777607 49.2910742103854),6.77320783778,49.2910742104
361,AC,,Bus 361,RTE,Poste électrique de Saint-Avold,,substation,,220.0,400000;225000;90000,SRID=4326;POINT(6.70365235663769 49.1385111923078),6.70365235664,49.1385111923
362,AC,50,Bus 362,,Laufenburg,,substation,,380.0,380000;220000,SRID=4326;POINT(8.04936352422006 47.550881853478),8.04936352422,47.5508818535
363,AC,50,Bus 363,,Ratsbusch,,substation,,220.0,220000,SRID=4326;POINT(7.50006173413631 51.535174092458),7.50006173414,51.5351740925
364,AC,,Bus 364,,Station Dhünnaue,,substation,,220.0,220000;110000,SRID=4326;POINT(6.97593254033334 51.0376007284972),6.97593254033,51.0376007285
365,AC,,Bus 365,,Heizkraftwerk Reuter West,,generator,,380.0,,SRID=4326;POINT(13.2428489964032 52.5349539946502),13.2428489964,52.5349539947
366,AC,50,Bus 366,EnBW;TransnetBW;NetzeBW,Umspannwerk Bruchsal-Kändelweg,,substation,,380.0,380000;110000,SRID=4326;POINT(8.56218193445384 49.132949935954),8.56218193445,49.132949936
367,AC,50,Bus 367,EnBW,Philippsburg 380 kV,,substation,,380.0,380000,SRID=4326;POINT(8.4413154852023 49.2514026469585),8.4413154852,49.251402647
368,AC,,Bus 368,,Kavernenkraftwerk Wehr,,generator,,380.0,,SRID=4326;POINT(7.94208128553147 47.6533415488354),7.94208128553,47.6533415488
369,AC,50,Bus 369,EON_Netz,Alfstedt,,substation,,380.0,380000;110000,SRID=4326;POINT(9.06879105808819 53.5666414121342),9.06879105809,53.5666414121
370,AC,50,Bus 370,,UA Dillinger Hütte Mitte,,substation,,220.0,220000,SRID=4326;POINT(6.7413761724965 49.3574919373628),6.7413761725,49.3574919374
371,AC,50,Bus 371,Amprion,UA Obergraben,,substation,,220.0,220000,SRID=4326;POINT(6.74970009407096 49.3651763747607),6.74970009407,49.3651763748
372,AC,50,Bus 372,Amprion,Station Saarwellingen,,substation,,220.0,220000;110000,SRID=4326;POINT(6.76601564520935 49.3600771523749),6.76601564521,49.3600771524
373,AC,,Bus 373,"TenneT TSO GmbH, E.ON Netz GmbH",Umspannwerk Regensburg,RE,substation,,220.0,220000,SRID=4326;POINT(12.1504016214021 49.0127518128214),12.1504016214,49.0127518128
374,AC,50,Bus 374,RWE,Station Münster,,substation,,220.0,220000;110000,SRID=4326;POINT(7.5913598406626 51.928441667004),7.59135984066,51.928441667
375,AC,50,Bus 375,,Karlsruhe-Rintheim,,substation,,220.0,220000;110000,SRID=4326;POINT(8.45154437251894 49.0074029130057),8.45154437252,49.007402913
376,AC,50,Bus 376,,KW Heyden,,substation,,380.0,380000,SRID=4326;POINT(8.99620817966153 52.379587985752),8.99620817966,52.3795879858
377,AC,50,Bus 377,EnBW,EnBW Umspannwerk Bünzwangen,BZW,substation,,380.0,380000;110000,SRID=4326;POINT(9.56282337410874 48.7014898200493),9.56282337411,48.70148982
378,AC,50,Bus 378,,EnBW Umspannwerk Altbach 1,,substation,,380.0,380000;110000,SRID=4326;POINT(9.37084541589578 48.7191233300187),9.3708454159,48.71912333
379,AC,,Bus 379,Netze BW,EnBW Umspannwerk Endersbach,,substation,,380.0,380000;110000,SRID=4326;POINT(9.37760577643558 48.812606857093),9.37760577644,48.8126068571
380,AC,50,Bus 380,enercity Netzgesellschaft mbH,Lahe,LAH,substation,,220.0,220000;110000,SRID=4326;POINT(9.82158380229154 52.4248552546066),9.82158380229,52.4248552546
381,AC,50,Bus 381,,Obrigheim,,substation,,220.0,220000;110000,SRID=4326;POINT(9.0762254363019 49.3633869626072),9.0762254363,49.3633869626
382,AC,50,Bus 382,TenneT TSO GmbH,Umspannwerk Bergrheinfeld,BRF,substation,,380.0,380000;220000;110000,SRID=4326;POINT(10.1602912689993 49.9891947837947),10.160291269,49.9891947838
383,AC,50,Bus 383,,Schweinfurt,,substation,,220.0,220000;110000,SRID=4326;POINT(10.1964915719944 50.0279724033143),10.196491572,50.0279724033
384,AC,50,Bus 384,TenneT TSO GmbH;E.ON Netz GmbH,Umspannwerk Raitersaich,RAI,substation,,380.0,380000;220000;110000,SRID=4326;POINT(10.8431177989998 49.3786926858391),10.843117799,49.3786926858
385,AC,50,Bus 385,TenneT TSO GmbH;E.ON Netz GmbH,Umspannwerk Aschaffenburg,AS,substation,,380.0,380000;220000;110000,SRID=4326;POINT(9.09051754868887 49.9700413735997),9.09051754869,49.9700413736
386,AC,,Bus 386,,Umspannwerk Lage,,substation,,220.0,220000;110000,SRID=4326;POINT(8.8139941935628 51.9834366294197),8.81399419356,51.9834366294
387,AC,50,Bus 387,,Veltheim,,substation,,220.0,220000;110000,SRID=4326;POINT(8.93221843866486 52.1933124298166),8.93221843866,52.1933124298
388,AC,50,Bus 388,EON_WestfalenWeser,Umspannwerk Meißen,,substation,,220.0,220000;110000,SRID=4326;POINT(8.95904413219088 52.2784949764899),8.95904413219,52.2784949765
389,AC,50,Bus 389,TenneT TSO GmbH;E.ON Netz GmbH,Umspannwerk Trennfeld,TRE,substation,,220.0,220000;110000,SRID=4326;POINT(9.59430158866246 49.7984427303145),9.59430158866,49.7984427303
390,AC,50,Bus 390,EON_Netz,Kriegenbrunn,KRI,substation,,380.0,380000;110000,SRID=4326;POINT(10.9729038959004 49.5585073756737),10.9729038959,49.5585073757
391,AC,50,Bus 391,,Kraftwerkseinspeisung Staudinger,,substation,,380.0,220000;110000,SRID=4326;POINT(8.95464412133747 50.0860157333265),8.95464412134,50.0860157333
392,AC,,Bus 392,,UW Stahlwerk ThyssenKrupp Nirosta,,substation,,220.0,220000,SRID=4326;POINT(7.17590438914786 51.4755782506206),7.17590438915,51.4755782506
393,AC,50,Bus 393,EnBW,Umspannwerk Niederstotzingen,,substation,,380.0,380000;110000,SRID=4326;POINT(10.231641549556 48.5297622792522),10.2316415496,48.5297622793
394,AC,50,Bus 394,EnBW,Umspannwerk Rotensohl,,substation,,380.0,380000;110000,SRID=4326;POINT(10.2224539935941 48.7367522347984),10.2224539936,48.7367522348
395,AC,50,Bus 395,,380kV-Umspannwerk Grünkraut,,substation,,380.0,380000;110000,SRID=4326;POINT(9.64533503255392 47.7445961090448),9.64533503255,47.744596109
396,AC,50,Bus 396,LEW,Gundremmingen,Station 179 U,substation,,380.0,380000;110000,SRID=4326;POINT(10.4015868558303 48.5099297352537),10.4015868558,48.5099297353
397,AC,,Bus 397,TenneT,Umspannwerk Karben,,substation,,380.0,380000;110000,SRID=4326;POINT(8.80962330905886 50.2034748086043),8.80962330906,50.2034748086
398,AC,50,Bus 398,TenneT,Audorf,,substation,,380.0,380000;110000,SRID=4326;POINT(9.72460611042234 54.2882702503445),9.72460611042,54.2882702503
399,AC,,Bus 399,,Umspannwerk Weilimdorf,,substation,,220.0,220000;110000,SRID=4326;POINT(9.09714220939812 48.8277618380686),9.0971422094,48.8277618381
400,AC,50,Bus 400,Stadtwerke Bielefeld GmbH,Umspannwerk Bielefeld Ost,,substation,,220.0,220000;110000,SRID=4326;POINT(8.62886493303814 51.9936340707213),8.62886493304,51.9936340707
401,AC,50,Bus 401,TenneT,Umspannwerk Kiel West,,substation,,220.0,220000;110000,SRID=4326;POINT(10.0604081018258 54.3487708201584),10.0604081018,54.3487708202
402,AC,50,Bus 402,TenneT TSO GmbH,Itzehoe/West,,substation,,220.0,220000;110000,SRID=4326;POINT(9.44963652666114 53.967286497351),9.44963652666,53.9672864974
403,AC,50,Bus 403,Amprion,Tiengen,,substation,,380.0,380000;220000;110000,SRID=4326;POINT(8.25885994832776 47.6342116213731),8.25885994833,47.6342116214
404,AC,,Bus 404,,Betznau,,substation,,380.0,380000;220000,SRID=4326;POINT(8.23209442033504 47.5561434831307),8.23209442034,47.5561434831
405,AC,,Bus 405,ALPIQ AXPO,Asphard,,substation,,380.0,380000,SRID=4326;POINT(7.75259055668336 47.5391330214816),7.75259055668,47.5391330215
406,AC,50,Bus 406,,Beuren,,substation,,220.0,220000;110000,SRID=4326;POINT(8.86152575255362 47.8064353220893),8.86152575255,47.8064353221
409,AC,50,Bus 409,EnBW AG,Umspannwerk Mühlhausen,,substation,,380.0,380000;110000,SRID=4326;POINT(9.21565014323537 48.8523053231829),9.21565014324,48.8523053232
410,AC,,Bus 410,Kernkraftwerk Gundremmingen GmbH,Kernkraftwerk Gundremmingen,KRB,plant,,380.0,,SRID=4326;POINT(10.4012813869114 48.5146084080517),10.4012813869,48.5146084081
411,AC,50,Bus 411,TenneT,Umspannwerk Paderborn Süd,,substation,,220.0,220000;110000,SRID=4326;POINT(8.73757268935919 51.7001692737445),8.73757268936,51.7001692737
412,AC,50,Bus 412,TenneT;EON_Netz,Lübeck,,substation,,220.0,220000;110000,SRID=4326;POINT(10.6414677086397 53.9191626884641),10.6414677086,53.9191626885
413,AC,50,Bus 413,EnBW,Umspannwerk Wiesloch,,substation,,380.0,380000;220000;110000,SRID=4326;POINT(8.67371728898445 49.2904393851271),8.67371728898,49.2904393851
414,AC,50,Bus 414,,Götzdorf,,substation,,220.0,220000,SRID=4326;POINT(9.48789502699389 53.6365577623199),9.48789502699,53.6365577623
415,AC,50,Bus 415,TenneT,Abbenfleth,,substation,,220.0,220000,SRID=4326;POINT(9.49151079250535 53.6580982806881),9.49151079251,53.6580982807
416,AC,,Bus 416,,Poste électrique de Sierentz,,substation,,380.0,400000,SRID=4326;POINT(7.47226685748746 47.6466103447741),7.47226685749,47.6466103448
417,AC,,Bus 417,,Freiluftschaltanlage KW Schärding-Neuhaus,,substation,,220.0,220000,SRID=4326;POINT(13.4428541936116 48.4345463643775),13.4428541936,48.4345463644
418,AC,,Bus 418,,Jochenstein,,substation,,220.0,220000,SRID=4326;POINT(13.7106901040113 48.5193051606747),13.710690104,48.5193051607
421,AC,50,Bus 421,,Umspannwerk Hüffenhardt,,substation,,380.0,380000;220000;110000,SRID=4326;POINT(9.09183529743294 49.2946188662059),9.09183529743,49.2946188662
422,AC,50,Bus 422,Stadtwerke Heidelberg Netze GmbH,Umspannanlage Heidelberg-Süd,,substation,,220.0,220000;110000,SRID=4326;POINT(8.66378315807233 49.3600873718872),8.66378315807,49.3600873719
423,AC,,Bus 423,Schluchseewerk AG,Kavernenkraftwerk Säckingen,,generator,,220.0,,SRID=4326;POINT(7.95849127307054 47.5791483196323),7.95849127307,47.5791483196
424,AC,50,Bus 424,,Karlsruhe-West,,substation,,220.0,220000;110000,SRID=4326;POINT(8.34912612288763 49.0130521177978),8.34912612289,49.0130521178
425,AC,50,Bus 425,Salzgitter AG,,,substation,,220.0,220000,SRID=4326;POINT(10.4203895577612 52.1652004276784),10.4203895578,52.1652004277
426,AC,,Bus 426,,,,substation,,220.0,220000,SRID=4326;POINT(10.3884721771883 52.1513649329361),10.3884721772,52.1513649329
427,AC,50,Bus 427,EnBW AG,,,substation,,380.0,380000,SRID=4326;POINT(8.30626265141083 49.0128258362562),8.30626265141,49.0128258363
428,AC,,Bus 428,Vattenfall Europe,Kraftwerk Jänschwalde,,plant,,380.0,,SRID=4326;POINT(14.4598868223649 51.8332759246019),14.4598868224,51.8332759246
429,AC,50,Bus 429,,Siersdorf,,substation,,380.0,380000;110000,SRID=4326;POINT(6.21619297137216 50.9123617956925),6.21619297137,50.9123617957
430,AC,,Bus 430,TenneT,380kV Maasbracht,,substation,,380.0,380000,SRID=4326;POINT(5.91852734477995 51.1484263858426),5.91852734478,51.1484263858
431,AC,50,Bus 431,Amprion,Kirchberg Süd,,auxillary_T_node,,380.0,380000,SRID=4326;POINT(6.2140153990158 50.9438998573728),6.21401539902,50.9438998574
432,AC,,Bus 432,TIWAG-Netz AG,Silz,,substation,,220.0,220000;110000,SRID=4326;POINT(10.9662583424068 47.2695304688802),10.9662583424,47.2695304689
433,AC,50,Bus 433,E.ON Netz GmbH,Umspannwerk Krün,,substation,,220.0,220000;110000,SRID=4326;POINT(11.2777210418419 47.4958726669837),11.2777210418,47.495872667
434,AC,50,Bus 434,,Silz (AT) - Krün (DE) - Oberbrunn,250;251,auxillary_T_node,,220.0,220000,SRID=4326;POINT(11.2869438320852 47.4928624569052),11.2869438321,47.4928624569
435,AC,50,Bus 435,50Hertz,302 Marzahn - Thyrow,302,auxillary_T_node,,220.0,220000,SRID=4326;POINT(13.5053368398164 52.4747788520482),13.5053368398,52.474778852
436,AC,50,Bus 436,EnBW; Energiedienst,Umspannwerk Villingen,,substation,,380.0,380000;110000,SRID=4326;POINT(8.46542980021065 48.0435236210637),8.46542980021,48.0435236211
437,AC,50,Bus 437,EnBW,ENGST-KUHMO-VILLI,7630,auxillary_T_node,,380.0,380000,SRID=4326;POINT(8.53055554991256 47.9148481845625),8.53055554991,47.9148481846
438,AC,50,Bus 438,,220-kV-Umspannwerk Kuppenheim,,substation,,220.0,220000;110000,SRID=4326;POINT(8.24872901623214 48.8463165189067),8.24872901623,48.8463165189
439,AC,50,Bus 439,EnBW,Daxlanden - Weier,DAXLA-KUMRA-WEIER,auxillary_T_node,,220.0,220000,SRID=4326;POINT(8.24975045659741 48.8491773731136),8.2497504566,48.8491773731
440,AC,50,Bus 440,TenneT,202,202,auxillary_T_node,,220.0,220000,SRID=4326;POINT(9.45967747872262 53.8646574512707),9.45967747872,53.8646574513
441,AC,50,Bus 441,50Hertz;EON_TEAG,Großschwabhausen,,substation,,380.0,380000;110000,SRID=4326;POINT(11.4703941249156 50.9303902294723),11.4703941249,50.9303902295
442,AC,50,Bus 442,50Hertz,415,415,auxillary_T_node,,380.0,380000,SRID=4326;POINT(11.4299065773025 50.9114464610955),11.4299065773,50.9114464611
443,AC,50,Bus 443,TenneT,Umspannwerk Rhede,RHED,substation,,380.0,380000,SRID=4326;POINT(7.25465688214231 53.0266716315927),7.25465688214,53.0266716316
444,AC,50,Bus 444,Amprion;TenneT,Emsland West,305,auxillary_T_node,,380.0,380000,SRID=4326;POINT(7.25501773539194 53.0267136928067),7.25501773539,53.0267136928
445,AC,50,Bus 445,Amprion,Amelsbüren,,auxillary_T_node,,220.0,220000,SRID=4326;POINT(7.37185639416872 52.1977066547834),7.37185639417,52.1977066548
446,AC,50,Bus 446,50Hertz Transmission,Umspannwerk Windpark Iven,,substation,,220.0,220000,SRID=4326;POINT(13.399828840425 53.7944477778114),13.3998288404,53.7944477778
447,AC,50,Bus 447,50Hertz Transmission,316,316,auxillary_T_node,,220.0,220000,SRID=4326;POINT(13.3984708281663 53.7933318754816),13.3984708282,53.7933318755
448,AC,50,Bus 448,Amprion,Schwerterheide Nord,,auxillary_T_node,,380.0,380000,SRID=4326;POINT(7.42474524551043 51.4592583943398),7.42474524551,51.4592583943
449,AC,50,Bus 449,Amprion,Oerkhaus West,,auxillary_T_node,,380.0,380000,SRID=4326;POINT(7.12336046768833 51.4473443869048),7.12336046769,51.4473443869
450,AC,50,Bus 450,RWE;DSW 21; AVU,Station Kruckel,,substation,,380.0,380000;220000;110000,SRID=4326;POINT(7.41670791195847 51.4570521583476),7.41670791196,51.4570521583
451,AC,50,Bus 451,Amprion,Witten West,,auxillary_T_node,,380.0,380000,SRID=4326;POINT(7.41658261384975 51.4607823586596),7.41658261385,51.4607823587
452,AC,,Bus 452,Amprion; Westnetz,Station Dahlem,,substation,,380.0,380000;110000,SRID=4326;POINT(6.53175001008574 50.39005126464),6.53175001009,50.3900512646
453,AC,50,Bus 453,Amprion,Selhausen West,,auxillary_T_node,,380.0,380000,SRID=4326;POINT(6.53303653131644 50.3922427776709),6.53303653132,50.3922427777
454,AC,50,Bus 454,Amprion,Neurath 2b,,auxillary_T_node,,380.0,380000,SRID=4326;POINT(6.60879226770999 51.0346787720857),6.60879226771,51.0346787721
455,AC,50,Bus 455,,Station Rath,,substation,,380.0,380000,SRID=4326;POINT(6.80890624663756 51.2686075940546),6.80890624664,51.2686075941
456,AC,50,Bus 456,Amprion,Meerbusch West,,auxillary_T_node,,380.0,380000,SRID=4326;POINT(6.72033167479422 51.3441235773954),6.72033167479,51.3441235774
457,AC,50,Bus 457,Amprion,Hochlarmark West,,auxillary_T_node,,220.0,220000,SRID=4326;POINT(7.13937473425833 51.5608313916517),7.13937473426,51.5608313917
458,AC,50,Bus 458,Amprion,Haarstrang Ost,,auxillary_T_node,,380.0,220000,SRID=4326;POINT(7.41946378046051 51.4575100936229),7.41946378046,51.4575100936
459,AC,,Bus 459,RWE,Station Welper,,substation,,220.0,220000,SRID=4326;POINT(7.19597933005019 51.4115753148661),7.19597933005,51.4115753149
460,AC,50,Bus 460,Amprion,Welper Ost,,auxillary_T_node,,220.0,220000,SRID=4326;POINT(7.17920262035811 51.4218244823956),7.17920262036,51.4218244824
461,AC,50,Bus 461,,Rheinzink,,substation,,220.0,220000,SRID=4326;POINT(7.32427958320741 51.6213874676194),7.32427958321,51.6213874676
462,AC,50,Bus 462,Amprion,Elmenhorst Süd,,auxillary_T_node,,220.0,220000,SRID=4326;POINT(7.34371334412713 51.6131049439167),7.34371334413,51.6131049439
463,AC,50,Bus 463,Amprion,Utfort West,,auxillary_T_node,,220.0,220000,SRID=4326;POINT(6.52272548882226 51.3224954692993),6.52272548882,51.3224954693
464,AC,50,Bus 464,RWE,Station Bollenacker,,substation,,220.0,220000;110000,SRID=4326;POINT(6.96330545403678 50.8337629177582),6.96330545404,50.8337629178
465,AC,50,Bus 465,Amprion,Godorf Ost,,auxillary_T_node,,220.0,220000,SRID=4326;POINT(6.92909269080674 50.8441529722133),6.92909269081,50.8441529722
466,AC,,Bus 466,Westnetz,Station Stockem,,substation,,220.0,220000;110000,SRID=4326;POINT(7.09582671880563 50.8268716757217),7.09582671881,50.8268716757
467,AC,50,Bus 467,Amprion,Gremberghoven Ost,,auxillary_T_node,,220.0,220000,SRID=4326;POINT(7.09435790958289 50.8269670893312),7.09435790958,50.8269670893
468,AC,50,Bus 468,Amprion,Station Ossenberg,,substation,,220.0,220000;110000,SRID=4326;POINT(6.57729057687864 51.5563911802085),6.57729057688,51.5563911802
469,AC,50,Bus 469,Amprion,Wesel Ost,,auxillary_T_node,,220.0,220000,SRID=4326;POINT(6.65066741434228 51.5537022721424),6.65066741434,51.5537022721
470,AC,50,Bus 470,Amprion,Uentrop Nord,,auxillary_T_node,,380.0,380000,SRID=4326;POINT(7.82599043340792 51.7500675542728),7.82599043341,51.7500675543
471,AC,50,Bus 471,Amprion,Olefin West,,auxillary_T_node,,220.0,220000,SRID=4326;POINT(6.9289790539233 50.84381694694),6.92897905392,50.8438169469
472,AC,50,Bus 472,Amprion,Station Enniger,,substation,,380.0,380000;110000,SRID=4326;POINT(7.9939591196577 51.823095434189),7.99395911966,51.8230954342
473,AC,50,Bus 473,Amprion,Gersteinwerk Ost,,auxillary_T_node,,380.0,380000,SRID=4326;POINT(7.83402074322725 51.7550403464858),7.83402074323,51.7550403465
474,AC,50,Bus 474,TenneT TSO GmbH;Avacon AG,Wechold,,substation,,220.0,220000;110000,SRID=4326;POINT(9.14517687189382 52.8532464360106),9.14517687189,52.853246436
475,AC,50,Bus 475,TenneT,Leitung 2010/2023,1,auxillary_T_node,,220.0,220000,SRID=4326;POINT(9.13794792584036 52.8470269944345),9.13794792584,52.8470269944
476,AC,50,Bus 476,RWE,Station Hesseln,,substation,,220.0,220000;110000,SRID=4326;POINT(8.31888925383353 52.0660374597241),8.31888925383,52.0660374597
477,AC,50,Bus 477,Amprion,Halle West,,auxillary_T_node,,220.0,220000,SRID=4326;POINT(8.33466775124759 52.07052004268),8.33466775125,52.0705200427
478,AC,50,Bus 478,Amprion,Geithe West,,auxillary_T_node,,380.0,380000,SRID=4326;POINT(7.9818783185962 51.6766515664854),7.9818783186,51.6766515665
479,AC,50,Bus 479,,Erzhausen,,substation,,220.0,220000,SRID=4326;POINT(9.92382983732643 51.8975617615529),9.92382983733,51.8975617616
480,AC,50,Bus 480,TenneT,Leitung 2030/2001,2030/2001,auxillary_T_node,,220.0,220000,SRID=4326;POINT(9.8524162497002 51.8987652474175),9.8524162497,51.8987652474
481,AC,50,Bus 481,,Leitung 3019/3026/3027,3019;3026;3027,auxillary_T_node,,380.0,380000,SRID=4326;POINT(9.4136812208929 52.0274828920508),9.41368122089,52.0274828921
482,AC,50,Bus 482,TenneT,Leitung 2019/2027/2029,2,auxillary_T_node,,220.0,220000,SRID=4326;POINT(10.3552149923206 52.1758109606876),10.3552149923,52.1758109607
483,AC,50,Bus 483,LEW,Umspannwerk Bidingen Nr. 697 S,,substation,,380.0,380000;110000,SRID=4326;POINT(10.7027318899547 47.8264597977002),10.70273189,47.8264597977
484,AC,,Bus 484,,K12,,auxillary_T_node,,380.0,380000,SRID=4326;POINT(10.7037422782749 47.826415980499),10.7037422783,47.8264159805
485,AC,50,Bus 485,LEW,Umspannwerk Memmingen,,substation,,220.0,220000;110000,SRID=4326;POINT(10.1949334440241 47.9709368782958),10.194933444,47.9709368783
486,AC,50,Bus 486,,Umspannstation Irsingen,,substation,,220.0,220000;110000,SRID=4326;POINT(10.6412867739286 48.0274512409907),10.6412867739,48.027451241
487,AC,,Bus 487,,,O11,auxillary_T_node,,220.0,220000,SRID=4326;POINT(10.6418025411196 48.0258492685192),10.6418025411,48.0258492685
488,AC,,Bus 488,,HD-Neurott - Hüffenhardt,,auxillary_T_node,,380.0,380000,SRID=4326;POINT(8.67009921732699 49.3092022842852),8.67009921733,49.3092022843
489,AC,,Bus 489,transpower,Vörden,,substation,,380.0,380000;110000,SRID=4326;POINT(9.22808874457675 51.8124533663924),9.22808874458,51.8124533664
490,AC,,Bus 490,TenneT,,3012,auxillary_T_node,,380.0,380000,SRID=4326;POINT(9.23187002273009 51.810119094224),9.23187002273,51.8101190942
491,AC,50,Bus 491,,Delmensingen - Niederstotzingen - Rotensohl,,auxillary_T_node,,380.0,380000,SRID=4326;POINT(10.2341629653667 48.5289320393823),10.2341629654,48.5289320394
492,AC,,Bus 492,TenneT;Mainova,Umspannwerk Frankfurt Nord,,substation,,220.0,220000;110000,SRID=4326;POINT(8.73513573367143 50.1591915403542),8.73513573367,50.1591915404
493,AC,50,Bus 493,EON_Netz,Dörnigheim 110 kV,DOEH,substation,,220.0,110000,SRID=4326;POINT(8.87225963914833 50.1297253197387),8.87225963915,50.1297253197
494,AC,,Bus 494,,Staudinger - Dörnigheim - Frankfurt Nord,,auxillary_T_node,,220.0,220000,SRID=4326;POINT(8.74326052934848 50.1623379810729),8.74326052935,50.1623379811
495,AC,50,Bus 495,TenneT TSO GmbH,Audorf - Jardelund,,auxillary_T_node,,380.0,380000,SRID=4326;POINT(9.33223016559803 54.7210227584184),9.3322301656,54.7210227584
2_220kV,AC,50,Bus 2_220kV,TenneT,Umspannwerk Kraftwerk Robert Frank,,substation,,220.0,220000,SRID=4326;POINT(9.11321007472722 52.5438533223737),9.11321007473,52.5438533224
5_220kV,AC,50,Bus 5_220kV,TenneT,Wahle,,substation,,220.0,380000;220000,SRID=4326;POINT(10.3662749375017 52.2846467462009),10.3662749375,52.2846467462
10_220kV,AC,,Bus 10_220kV,50Hertz Transmission GmbH;E.ON edis AG,Wustermark,Wu,substation,,220.0,380000;220000;110000,SRID=4326;POINT(12.9416466019288 52.5621144045848),12.9416466019,52.5621144046
12_220kV,AC,50,Bus 12_220kV,50Hertz Transmission GmbH,Neuenhagen,NHG TCC,substation,,220.0,380000;220000;110000,SRID=4326;POINT(13.7096697058228 52.5397952580643),13.7096697058,52.5397952581
13_220kV,AC,,Bus 13_220kV,TenneT TSO GmbH;E.ON Netz GmbH,Umspannwerk Oberbachern,OBA,substation,,220.0,380000;220000;110000,SRID=4326;POINT(11.3704262486892 48.2914922329548),11.3704262487,48.291492233
15_220kV,AC,50,Bus 15_220kV,TenneT TSO GmbH,Umspannwerk Ottenhofen,OH,substation,,220.0,380000;220000,SRID=4326;POINT(11.8681562938884 48.2068029185353),11.8681562939,48.2068029185
18_220kV,AC,,Bus 18_220kV,50Hertz,Umspannwerk Lubmin,,substation,,220.0,380000;220000,SRID=4326;POINT(13.6834769666546 54.1390906406635),13.6834769667,54.1390906407
20_220kV,AC,50,Bus 20_220kV,50Hertz Transmission,Umspannwerk Hamburg-Nord,,substation,,220.0,380000;220000;110000,SRID=4326;POINT(9.98460982000897 53.7411287759659),9.98460982001,53.741128776
22_220kV,AC,50,Bus 22_220kV,50Hertz Transmission,Umspannwerk Kernkraftwerk Brunsbüttel,,substation,,220.0,380000;220000;110000,SRID=4326;POINT(9.20210420095253 53.8951574100045),9.20210420095,53.89515741
24_220kV,AC,50,Bus 24_220kV,TenneT;Schleswig-Holstein Netz AG,Audorf,,substation,,220.0,220000;110000,SRID=4326;POINT(9.72699196993402 54.2914209867842),9.72699196993,54.2914209868
26_220kV,AC,,Bus 26_220kV,,Brokdorf,,substation,,220.0,380000;220000,SRID=4326;POINT(9.34400177215961 53.8517774635399),9.34400177216,53.8517774635
30_220kV,AC,50,Bus 30_220kV,,Dollern,,substation,,220.0,380000;220000;110000,SRID=4326;POINT(9.5017896678173 53.5428143723363),9.50178966782,53.5428143723
32_220kV,AC,50,Bus 32_220kV,50Hertz Transmission GmbH,Umspannwerk Vieselbach,,substation,,220.0,380000;220000;110000,SRID=4326;POINT(11.1228545605428 50.9989090670144),11.1228545605,50.998909067
37_220kV,AC,,Bus 37_220kV,50Hertz Transmission GmbH,Umspannwerk Wolmirstedt,,substation,,220.0,380000;220000,SRID=4326;POINT(11.6389127631156 52.2687346818467),11.6389127631,52.2687346818
42_220kV,AC,50,Bus 42_220kV,50Hertz,Güstrow,,substation,,220.0,380000;220000,SRID=4326;POINT(12.1869848227216 53.8157751724384),12.1869848227,53.8157751724
46_220kV,AC,50,Bus 46_220kV,50Hertz,Umspannwerk Marzahn,MZA9,substation,,220.0,380000;220000;110000,SRID=4326;POINT(13.5241987309997 52.5356342713481),13.524198731,52.5356342713
52_220kV,AC,50,Bus 52_220kV,EnBW,Karlsruhe-Daxlanden,,substation,,220.0,380000;220000;110000,SRID=4326;POINT(8.3133401659254 49.0090434643525),8.31334016593,49.0090434644
56_220kV,AC,50,Bus 56_220kV,EnBW,Umspannwerk Neurott,,substation,,220.0,380000;220000,SRID=4326;POINT(8.62320967451897 49.3565822492832),8.62320967452,49.3565822493
61_220kV,AC,50,Bus 61_220kV,Avacon AG,Umspannwerk Farge,FARG,substation,,220.0,110000,SRID=4326;POINT(8.51888180951659 53.2026352836834),8.51888180952,53.2026352837
68_220kV,AC,,Bus 68_220kV,RWE,Umspannwerk Urberach,,substation,,220.0,380000;220000;110000,SRID=4326;POINT(8.77244296019056 49.974668665137),8.77244296019,49.9746686651
69_220kV,AC,50,Bus 69_220kV,RWE,Station Bürstadt,,substation,,220.0,380000;220000,SRID=4326;POINT(8.41937105938048 49.6337356823792),8.41937105938,49.6337356824
74_220kV,AC,50,Bus 74_220kV,50Hertz,Umspannwerk Ragow,RAG,substation,,220.0,380000;110000,SRID=4326;POINT(13.9024346886892 51.8747235190459),13.9024346887,51.874723519
78_220kV,AC,50,Bus 78_220kV,50Hertz Transmission GmbH,Umspannwerk Remptendorf,RDF;RE,substation,,220.0,380000;220000;110000,SRID=4326;POINT(11.6463786274424 50.534876971042),11.6463786274,50.534876971
86_220kV,AC,50,Bus 86_220kV,Amprion,Hanekenfähr,,substation,,220.0,380000;220000;110000,SRID=4326;POINT(7.30820430094578 52.4768353862806),7.30820430095,52.4768353863
87_220kV,AC,50,Bus 87_220kV,RWE,Station Kusenhorst,,substation,,220.0,380000;220000;110000,SRID=4326;POINT(7.06030699176008 51.6964760130648),7.06030699176,51.6964760131
94_220kV,AC,50,Bus 94_220kV,Amprion,Wehrendorf,,substation,,220.0,380000;220000;110000,SRID=4326;POINT(8.30775689679575 52.3456356447783),8.3077568968,52.3456356448
95_220kV,AC,50,Bus 95_220kV,Amprion,Station Westerkappeln,,substation,,220.0,380000;220000;110000,SRID=4326;POINT(7.88957671235007 52.2773967624078),7.88957671235,52.2773967624
96_220kV,AC,50,Bus 96_220kV,,Benteler Stahlwerk,,substation,,220.0,220000,SRID=4326;POINT(7.31784994377907 52.4691114902799),7.31784994378,52.4691114903
99_220kV,AC,50,Bus 99_220kV,Amprion,Umspannwerk Uchtelfangen,,substation,,220.0,380000;220000;110000,SRID=4326;POINT(6.99647659179489 49.3754093063084),6.99647659179,49.3754093063
100_220kV,AC,50,Bus 100_220kV,Amprion; Westnetz,Station Niederstedem,,substation,,220.0,380000;220000;110000,SRID=4326;POINT(6.47473977006816 49.9224692993999),6.47473977007,49.9224692994
104_220kV,AC,50,Bus 104_220kV,RWE,Station Büscherhof,,substation,,220.0,380000;220000,SRID=4326;POINT(6.92675896360373 51.4992056838496),6.9267589636,51.4992056838
105_220kV,AC,,Bus 105_220kV,RWE,Station Niederrhein,,substation,,220.0,380000;220000;110000,SRID=4326;POINT(6.68078798893986 51.6462959356851),6.68078798894,51.6462959357
106_220kV,AC,50,Bus 106_220kV,Amprion,Station Hattingen,,substation,,220.0,380000;220000;110000,SRID=4326;POINT(7.16721460965932 51.3899067582106),7.16721460966,51.3899067582
107_220kV,AC,50,Bus 107_220kV,RWE,Station Eiberg,,substation,,220.0,380000;220000,SRID=4326;POINT(7.1255729106725 51.4489772588145),7.12557291067,51.4489772588
117_220kV,AC,,Bus 117_220kV,RWE,Station Sechtem,,substation,,220.0,380000;220000;110000,SRID=4326;POINT(6.97257742700703 50.795693017514),6.97257742701,50.7956930175
120_220kV,AC,50,Bus 120_220kV,RWE,Station Dauersberg,,substation,,220.0,380000;220000;110000,SRID=4326;POINT(7.86394571365263 50.7682419129404),7.86394571365,50.7682419129
123_220kV,AC,50,Bus 123_220kV,RWE,Station Rommerskirchen,,substation,,220.0,380000;220000,SRID=4326;POINT(6.70220337779745 51.0088609096753),6.7022033778,51.0088609097
124_220kV,AC,50,Bus 124_220kV,,KW Neurath,,substation,,220.0,380000;220000;110000,SRID=4326;POINT(6.61240231530956 51.0359242594819),6.61240231531,51.0359242595
125_220kV,AC,,Bus 125_220kV,RWE,Station Opladen,,substation,,220.0,380000;220000;110000,SRID=4326;POINT(6.96568442352005 51.0693295322353),6.96568442352,51.0693295322
128_220kV,AC,50,Bus 128_220kV,Amprion,Station Weißenthurm,,substation,,220.0,380000;220000;110000,SRID=4326;POINT(7.44948529010545 50.4025276621126),7.44948529011,50.4025276621
129_220kV,AC,50,Bus 129_220kV,RWE,Station Osterath,,substation,,220.0,220000;110000,SRID=4326;POINT(6.62582790177014 51.2606098249047),6.62582790177,51.2606098249
138_220kV,AC,,Bus 138_220kV,,Kraftwerk Scholven,,generator,,220.0,,SRID=4326;POINT(7.00674987859998 51.5999114220203),7.0067498786,51.599911422
143_220kV,AC,,Bus 143_220kV,E.On Kraftwerke GmbH,Kraftwerk Knepper,,generator,,220.0,,SRID=4326;POINT(7.35135784054859 51.568368608134),7.35135784055,51.5683686081
156_220kV,AC,,Bus 156_220kV,,Kraftwerkschaltanlage Knapsack 1,,substation,,220.0,380000;220000,SRID=4326;POINT(6.84223115147656 50.8598647243573),6.84223115148,50.8598647244
157_220kV,AC,50,Bus 157_220kV,Amprion,Station Gütersloh,,substation,,220.0,380000;220000;110000,SRID=4326;POINT(8.364229530696 51.9271204904611),8.3642295307,51.9271204905
159_220kV,AC,50,Bus 159_220kV,TenneT,Conneforde,CONN,substation,,220.0,380000;220000;110000,SRID=4326;POINT(8.05408735442182 53.3323026933898),8.05408735442,53.3323026934
160_220kV,AC,50,Bus 160_220kV,EON_Netz,Kernkraftwerk Unterweser,,substation,,220.0,380000;220000,SRID=4326;POINT(8.47791063608626 53.428485468955),8.47791063609,53.428485469
165_220kV,AC,50,Bus 165_220kV,Amprion,Station Gersteinwerk,,substation,,220.0,380000;220000;110000,SRID=4326;POINT(7.70831848872651 51.6762033088437),7.70831848873,51.6762033088
184_220kV,AC,50,Bus 184_220kV,Amprion,Station Utfort,,substation,,220.0,380000;220000;110000,SRID=4326;POINT(6.61738109142906 51.4757909635544),6.61738109143,51.4757909636
191_220kV,AC,50,Bus 191_220kV,Amprion,Station Walsum,,substation,,220.0,220000;110000,SRID=4326;POINT(6.71525259691926 51.5267908666491),6.71525259692,51.5267908666
195_220kV,AC,,Bus 195_220kV,,Station Möllen,,substation,,220.0,220000,SRID=4326;POINT(6.68310697663871 51.5756455059265),6.68310697664,51.5756455059
201_220kV,AC,50,Bus 201_220kV,EON_Netz,Sottrum,,substation,,220.0,380000;220000;110000,SRID=4326;POINT(9.25103425143703 53.1144323051271),9.25103425144,53.1144323051
220_220kV,AC,50,Bus 220_220kV,TenneT,Umspannwerk Bechterdissen,,substation,,220.0,380000;220000;110000,SRID=4326;POINT(8.65937290290079 51.9996101318907),8.6593729029,51.9996101319
231_220kV,AC,50,Bus 231_220kV,Schluchseewerk AG,Lastverteilung/Schaltanlage Kühmoos,,substation,,220.0,380000;220000,SRID=4326;POINT(7.95805402328778 47.5954722640613),7.95805402329,47.5954722641
232_220kV,AC,50,Bus 232_220kV,LEW,Vöhringen LEW,Station Nr. 625,substation,,220.0,380000;220000;110000,SRID=4326;POINT(10.0837512706734 48.268867515302),10.0837512707,48.2688675153
233_220kV,AC,50,Bus 233_220kV,EnBW,Umspannwerk Dellmensingen,,substation,,220.0,380000;220000;110000,SRID=4326;POINT(9.88551509756969 48.3040743584705),9.88551509757,48.3040743585
236_220kV,AC,50,Bus 236_220kV,EnBW,Umspannwerk Hoheneck EnBW,,substation,,220.0,220000;110000,SRID=4326;POINT(9.19675652645089 48.9129634380259),9.19675652645,48.912963438
247_220kV,AC,50,Bus 247_220kV,Amprion,Schaltanlage Leupolz,,substation,,220.0,380000;220000,SRID=4326;POINT(10.363384232266 47.7383368092793),10.3633842323,47.7383368093
248_220kV,AC,,Bus 248_220kV,Trianel,Trianel Kraftwerk Lünen,,generator,,220.0,,SRID=4326;POINT(7.46150025901999 51.6146143079042),7.46150025902,51.6146143079
250_220kV,AC,,Bus 250_220kV,,Gersteinwerk Block F,,generator,,220.0,,SRID=4326;POINT(7.71554341949648 51.6736430744508),7.7155434195,51.6736430745
251_220kV,AC,,Bus 251_220kV,,Gersteinwerk Block G,,generator,,220.0,,SRID=4326;POINT(7.71459453349968 51.6730996381138),7.7145945335,51.6730996381
252_220kV,AC,,Bus 252_220kV,,Gersteinwerk Block I,,generator,,220.0,,SRID=4326;POINT(7.71270093431027 51.672663662233),7.71270093431,51.6726636622
261_220kV,AC,50,Bus 261_220kV,EnBW Transportnetze AG,380kV-Umspannwerk Pulverdingen,,substation,,220.0,380000;220000;110000,SRID=4326;POINT(9.0454349679866 48.9029620137561),9.04543496799,48.9029620138
263_220kV,AC,,Bus 263_220kV,Vorarlberger Illwerke AG,Umspannwerk Bürs,,substation,,220.0,380000;220000,SRID=4326;POINT(9.81091689214732 47.142645296653),9.81091689215,47.1426452967
264_220kV,AC,,Bus 264_220kV,EnBW,Umspannwerk Herbertingen,,substation,,220.0,380000;220000;110000,SRID=4326;POINT(9.42551238607291 48.0643507981263),9.42551238607,48.0643507981
267_220kV,AC,50,Bus 267_220kV,RWE,Station Sankt Peter 220 kV,,substation,,220.0,220000;110000,SRID=4326;POINT(6.8018236570969 51.1247880606241),6.8018236571,51.1247880606
272_220kV,AC,50,Bus 272_220kV,TenneT,Flensburg,FLEN,substation,,220.0,380000;220000;110000;20000,SRID=4326;POINT(9.31819523638713 54.7160494089748),9.31819523639,54.716049409
279_220kV,AC,50,Bus 279_220kV,50Hertz,Umspannwerk Röhrsdorf,ROE,substation,,220.0,380000;220000;110000,SRID=4326;POINT(12.8139099116529 50.8579185114397),12.8139099117,50.8579185114
281_220kV,AC,,Bus 281_220kV,50Hertz,Umspannwerk Weida,,substation,,220.0,380000;220000;110000,SRID=4326;POINT(12.0449825161601 50.7812567340735),12.0449825162,50.7812567341
282_220kV,AC,50,Bus 282_220kV,50Hertz Transmission,Eula,,substation,,220.0,380000;220000;110000,SRID=4326;POINT(12.5182220968156 51.1570725850832),12.5182220968,51.1570725851
292_220kV,AC,50,Bus 292_220kV,50Hertz,Umspannwerk Förderstedt,MD 38,substation,,220.0,220000;110000,SRID=4326;POINT(11.6441811001256 51.908512873438),11.6441811001,51.9085128734
303_220kV,AC,,Bus 303_220kV,,Umspannanlage Würgassen,,substation,,220.0,380000;220000;110000,SRID=4326;POINT(9.38765125748855 51.640733525594),9.38765125749,51.6407335256
307_220kV,AC,,Bus 307_220kV,,380-kV-Umspannwerk Großgartach,,substation,,220.0,380000;220000;110000,SRID=4326;POINT(9.15135394990856 49.1433834119236),9.15135394991,49.1433834119
308_220kV,AC,,Bus 308_220kV,,Grafenrheinfeld,GR,substation,,220.0,380000,SRID=4326;POINT(10.1878339995516 49.981219040845),10.1878339996,49.9812190408
312_220kV,AC,50,Bus 312_220kV,EnBW,Umspannwerk Goldshöfe,,substation,,220.0,380000;220000;110000,SRID=4326;POINT(10.1174866946797 48.8971053361382),10.1174866947,48.8971053361
315_220kV,AC,50,Bus 315_220kV,Lech-Elektrizitätswerke,Umspannwerk Oberottmarshausen,173A,substation,,220.0,380000;220000;110000,SRID=4326;POINT(10.8408695619217 48.2380310092335),10.8408695619,48.2380310092
317_220kV,AC,50,Bus 317_220kV,Austrian Power Grid AG,APG Umspannwerk Westtirol,,substation,,220.0,380000;220000;110000,SRID=4326;POINT(10.8739357569814 47.2444239286028),10.873935757,47.2444239286
322_220kV,AC,50,Bus 322_220kV,EnBW,220-kV-Umspannwerk Eichstetten,,substation,,220.0,220000;110000,SRID=4326;POINT(7.75186249820802 48.0964057188536),7.75186249821,48.0964057189
332_220kV,AC,50,Bus 332_220kV,"TenneT TSO GmbH, E.ON Netz GmbH",Umspannwerk Pleinting,PT,substation,,220.0,380000;220000;110000,SRID=4326;POINT(13.1034346393158 48.6667929606034),13.1034346393,48.6667929606
334_220kV,AC,,Bus 334_220kV,,Umspannwerk Redwitz,RED,substation,,220.0,380000;110000,SRID=4326;POINT(11.193727795361 50.1622144406172),11.1937277954,50.1622144406
336_220kV,AC,50,Bus 336_220kV,TenneT TSO GmbH;E.ON Netz GmbH,Umspannwerk Mechlenreuth,MH,substation,,220.0,380000;220000;110000,SRID=4326;POINT(11.8107025453557 50.1837655260691),11.8107025454,50.1837655261
338_220kV,AC,50,Bus 338_220kV,"TenneT TSO GmbH, E.ON Netz GmbH",Schwandorf,SD,substation,,220.0,380000;220000;110000,SRID=4326;POINT(12.0822544456506 49.2974477669261),12.0822544457,49.2974477669
351_220kV,AC,50,Bus 351_220kV,,Ingolstadt,IN,substation,,220.0,380000;220000;110000,SRID=4326;POINT(11.5077305510922 48.7611239877457),11.5077305511,48.7611239877
353_220kV,AC,50,Bus 353_220kV,,Irsching,IRS,substation,,220.0,380000;220000;110000,SRID=4326;POINT(11.5813705216127 48.7648940508515),11.5813705216,48.7648940509
360_220kV,AC,50,Bus 360_220kV,,Umspannanlage Ensdorf,,substation,,220.0,380000;220000;110000,SRID=4326;POINT(6.77320783777607 49.2910742103854),6.77320783778,49.2910742104
362_220kV,AC,50,Bus 362_220kV,,Laufenburg,,substation,,220.0,380000;220000,SRID=4326;POINT(8.04936352422006 47.550881853478),8.04936352422,47.5508818535
382_220kV,AC,50,Bus 382_220kV,TenneT TSO GmbH,Umspannwerk Bergrheinfeld,BRF,substation,,220.0,380000;220000;110000,SRID=4326;POINT(10.1602912689993 49.9891947837947),10.160291269,49.9891947838
384_220kV,AC,50,Bus 384_220kV,TenneT TSO GmbH;E.ON Netz GmbH,Umspannwerk Raitersaich,RAI,substation,,220.0,380000;220000;110000,SRID=4326;POINT(10.8431177989998 49.3786926858391),10.843117799,49.3786926858
385_220kV,AC,50,Bus 385_220kV,TenneT TSO GmbH;E.ON Netz GmbH,Umspannwerk Aschaffenburg,AS,substation,,220.0,380000;220000;110000,SRID=4326;POINT(9.09051754868887 49.9700413735997),9.09051754869,49.9700413736
391_220kV,AC,50,Bus 391_220kV,,Kraftwerkseinspeisung Staudinger,,substation,,220.0,220000;110000,SRID=4326;POINT(8.95464412133747 50.0860157333265),8.95464412134,50.0860157333
403_220kV,AC,50,Bus 403_220kV,Amprion,Tiengen,,substation,,220.0,380000;220000;110000,SRID=4326;POINT(8.25885994832776 47.6342116213731),8.25885994833,47.6342116214
404_220kV,AC,,Bus 404_220kV,,Betznau,,substation,,220.0,380000;220000,SRID=4326;POINT(8.23209442033504 47.5561434831307),8.23209442034,47.5561434831
413_220kV,AC,50,Bus 413_220kV,EnBW,Umspannwerk Wiesloch,,substation,,220.0,380000;220000;110000,SRID=4326;POINT(8.67371728898445 49.2904393851271),8.67371728898,49.2904393851
421_220kV,AC,50,Bus 421_220kV,,Umspannwerk Hüffenhardt,,substation,,220.0,380000;220000;110000,SRID=4326;POINT(9.09183529743294 49.2946188662059),9.09183529743,49.2946188662
450_220kV,AC,50,Bus 450_220kV,RWE;DSW 21; AVU,Station Kruckel,,substation,,220.0,380000;220000;110000,SRID=4326;POINT(7.41670791195847 51.4570521583476),7.41670791196,51.4570521583
458_220kV,AC,50,Bus 458_220kV,Amprion,Haarstrang Ost,,auxillary_T_node,,220.0,220000,SRID=4326;POINT(7.41946378046051 51.4575100936229),7.41946378046,51.4575100936
